{
  "meta": {
    "generation": 8,
    "timestamp": "20250812_230410",
    "eval_seed": 50,
    "fitness": {
      "median": 9.0,
      "win_rate": 0.036,
      "max_score": 243,
      "min_score": 0,
      "bust_rate": 0.4232,
      "mean": 13.344,
      "sd": 24.13076177827795
    }
  },
  "genome": {
    "forbidden": {
      "w_stats": 0.6774120873733152,
      "w_match": 0.2390903477661397,
      "w_random": 0.16894397374586256,
      "w_anti": 0.15114915794374556,
      "prefer_info_if_tied": 0.4424615143474087,
      "gate_last_seat_boost_stats": 1.110128170721479,
      "gate_trailing_boost_stats": 0.8918565886580552,
      "trail_threshold": 4.870796962227083
    },
    "draw_policy": {
      "min_target_plus": 3,
      "min_target_times": 3,
      "min_target_last_seat": 0,
      "min_target_r5_bump": 0,
      "plus_scale_base": 0.8264252773257799,
      "times_scale_base": 0.8909101458196498,
      "w_scale_lead": 0.14186562011579626,
      "w_scale_trail": -0.06723459027333348,
      "w_scale_is_last": 0.07300765602780829,
      "w_scale_round_weight": 0.0165803125906184,
      "w_scale_suit_skew": -0.006303675982317224,
      "jitter": 0.016822788630928117,
      "push_times_to3_if_p_bust_below": 0.3243493394899386,
      "push_times_to4_if_p_bust_below": 0.12252691072623142,
      "push_plus_to4_if_p_bust_below": 0.1705798721248423,
      "brake_if_large_lead_r5": 0.2330435787658236,
      "brake_scale_r5": 0.27607845425343613,
      "bank5_bias_plus": 0.4153606986209142,
      "bank5_bias_times": 0.06632507296955077,
      "w_scale_overtake": 0.04688200442321991
    },
    "ops_policy": {
      "x_prob_s_le2": 0.11418741633040921,
      "x_prob_s_3_4": 0.8383292471939467,
      "x_prob_s_ge5": 0.6529361466167363,
      "w_xprob_trail": 0.08455313584517347,
      "w_xprob_lead": -0.05991911835390705,
      "w_xprob_is_last": 0.139146645839052,
      "w_xprob_round": -0.11813399983947247,
      "x_repeat_s_le3": 0.20974449538513862,
      "x_repeat_s_4_5": 0.5811839493773518,
      "x_repeat_s_ge6": 0.2438358317567677,
      "w_xrep_trail": -0.08738983623700401,
      "w_xrep_lead": 0.2228790959146123,
      "w_xrep_round": 0.14091607210343723,
      "w_xprob_overtake": 0.054223180407045726,
      "w_xrep_overtake": 0.10386973833846047
    },
    "overtake_proxy": {
      "w_trail": 0.6868631115658356,
      "w_rounds_left": 0.5193668988516376,
      "w_is_last": 0.2593030909759121
    },
    "fitness_penalty": {
      "seat_variance_weight": 0.0994493541127156
    }
  }
}