{
  "meta": {
    "generation": 2,
    "timestamp": "20250813_020136",
    "eval_seed": 44,
    "fitness": {
      "median": 0.0,
      "win_rate": 0.052,
      "max_score": 0,
      "min_score": 0,
      "bust_rate": 0.5796,
      "mean": 8.768,
      "sd": 4.829303883584052
    }
  },
  "genome": {
    "forbidden": {
      "w_stats": 1.0,
      "w_match": 0.0,
      "w_random": 0.10451296606140703,
      "w_anti": 0.9180238168722732,
      "prefer_info_if_tied": 0.5693354100973581,
      "gate_last_seat_boost_stats": 0.5,
      "gate_trailing_boost_stats": 0.5,
      "trail_threshold": 2.4766787464255726
    },
    "draw_policy": {
      "min_target_plus": 4,
      "min_target_times": 6,
      "min_target_last_seat": 0,
      "min_target_r5_bump": 1,
      "plus_scale_base": 0.95,
      "times_scale_base": 0.6845918706088869,
      "w_scale_lead": 0.04,
      "w_scale_trail": 0.029825840345852915,
      "w_scale_is_last": -0.03,
      "w_scale_round_weight": 0.01,
      "w_scale_suit_skew": 0.02986803875537684,
      "jitter": 0.02,
      "push_times_to3_if_p_bust_below": 0.33,
      "push_times_to4_if_p_bust_below": 0.15,
      "push_plus_to4_if_p_bust_below": 0.18676867741934916,
      "brake_if_large_lead_r5": 6.0,
      "brake_scale_r5": 0.15,
      "bank5_bias_plus": 0.25,
      "bank5_bias_times": 0.0,
      "w_scale_overtake": 0.07000144425790084
    },
    "ops_policy": {
      "x_prob_s_le2": 0.4903313333857831,
      "x_prob_s_3_4": 0.6405138108034943,
      "x_prob_s_ge5": 0.62,
      "w_xprob_trail": 0.1,
      "w_xprob_lead": -0.10477638693024821,
      "w_xprob_is_last": 0.05,
      "w_xprob_round": -0.08959474132678144,
      "x_repeat_s_le3": 0.03837993581523656,
      "x_repeat_s_4_5": 0.15627978553728727,
      "x_repeat_s_ge6": 0.3,
      "w_xrep_trail": 0.09186866138266071,
      "w_xrep_lead": -0.06247140046790256,
      "w_xrep_round": -0.037575733526155175,
      "w_xprob_overtake": 0.24036771144833502,
      "w_xrep_overtake": -0.03158803751742799
    },
    "overtake_proxy": {
      "w_trail": 0.5,
      "w_rounds_left": 0.0,
      "w_is_last": 0.0
    },
    "fitness_penalty": {
      "seat_variance_weight": 0.0735013712267185
    }
  }
}