{
  "meta": {
    "generation": 35,
    "timestamp": "20250813_025206",
    "eval_seed": 77,
    "fitness": {
      "median": 12.0,
      "win_rate": 0.036,
      "max_score": 149,
      "min_score": 0,
      "bust_rate": 0.5296,
      "mean": 12.63,
      "sd": 16.978960509995893
    }
  },
  "genome": {
    "forbidden": {
      "w_stats": 2.6235665201697342,
      "w_match": -0.7915655087043971,
      "w_random": -2.365062856672392,
      "w_anti": -0.8325160098236254,
      "prefer_info_if_tied": 0.7948857693310344,
      "gate_last_seat_boost_stats": 0.15336283816418889,
      "gate_trailing_boost_stats": 0.9820570370967494,
      "trail_threshold": 10.399450577865988
    },
    "draw_policy": {
      "min_target_plus": 4,
      "min_target_times": 2,
      "min_target_last_seat": 2,
      "min_target_r5_bump": 1,
      "plus_scale_base": 0.7128910570284303,
      "times_scale_base": 0.7777410078450224,
      "w_scale_lead": -0.04010136728997796,
      "w_scale_trail": -0.04162546459278901,
      "w_scale_is_last": -0.11888829879861537,
      "w_scale_round_weight": 0.06496062973574275,
      "w_scale_suit_skew": 0.07474629620650139,
      "jitter": 0.0280662620892724,
      "push_times_to3_if_p_bust_below": 0.32490117662865076,
      "push_times_to4_if_p_bust_below": 0.19603978167704694,
      "push_plus_to4_if_p_bust_below": 0.17652630837562844,
      "brake_if_large_lead_r5": 7.918027554981341,
      "brake_scale_r5": 0.3195464887593583,
      "bank5_bias_plus": 0.11039024743868078,
      "bank5_bias_times": 0.6018564446105432,
      "w_scale_overtake": -0.026944943903910237
    },
    "ops_policy": {
      "x_prob_s_le2": 0.506092338831179,
      "x_prob_s_3_4": 0.8999999999999999,
      "x_prob_s_ge5": 0.5307461265557967,
      "w_xprob_trail": 0.22470086431970435,
      "w_xprob_lead": -0.026561736908093346,
      "w_xprob_is_last": -0.023726997531761048,
      "w_xprob_round": -0.050524936667220854,
      "x_repeat_s_le3": 0.4112994225332002,
      "x_repeat_s_4_5": 0.33779152306073906,
      "x_repeat_s_ge6": 0.6635158668823735,
      "w_xrep_trail": -0.08464631116124552,
      "w_xrep_lead": 0.05948076801714776,
      "w_xrep_round": 0.21486583964029138,
      "w_xprob_overtake": 0.17847922378060238,
      "w_xrep_overtake": 0.20085311611600162
    },
    "overtake_proxy": {
      "w_trail": 0.8821448649496297,
      "w_rounds_left": 0.16490402396301654,
      "w_is_last": 1.0837204467840202
    },
    "fitness_penalty": {
      "seat_variance_weight": 0.26438462404374385
    }
  }
}