{
  "meta": {
    "generation": 4,
    "timestamp": "20250813_053426",
    "eval_seed": 42,
    "bot_id": "10f0ecbf5f5a633e",
    "fitness": {
      "median": 5.0,
      "win_rate": 0.034666666666666665,
      "max_score": 768,
      "min_score": 0,
      "bust_rate": 0.5968,
      "mean": 20.112,
      "sd": 63.146882657288266,
      "q1": null,
      "q3": null,
      "median_observed": null
    }
  },
  "genome": {
    "forbidden": {
      "w_stats": 0.9421791035956135,
      "w_match": 1.5922610513759654,
      "w_random": 1.0509589158104367,
      "w_anti": 0.9129899000772439,
      "prefer_info_if_tied": 0.5776123861329268,
      "gate_last_seat_boost_stats": -0.012215036028715598,
      "gate_trailing_boost_stats": 0.9560416862985953,
      "trail_threshold": 10.285860147112135
    },
    "draw_policy": {
      "min_target_plus": 3,
      "min_target_times": 3,
      "min_target_last_seat": 0,
      "min_target_r5_bump": -1,
      "plus_scale_base": 1.2122664451804226,
      "times_scale_base": 0.8826097037226117,
      "w_scale_lead": 0.027619098102664195,
      "w_scale_trail": 0.02443612047844318,
      "w_scale_is_last": 0.1325380920632472,
      "w_scale_round_weight": -0.03381803069713341,
      "w_scale_suit_skew": 0.05161998006979033,
      "jitter": 0.01922721389819089,
      "push_times_to3_if_p_bust_below": 0.3194295933641023,
      "push_times_to4_if_p_bust_below": 0.17001750043954542,
      "push_plus_to4_if_p_bust_below": 0.14712212792538132,
      "brake_if_large_lead_r5": 5.9180549994220755,
      "brake_scale_r5": 0.09183353154273317,
      "bank5_bias_plus": 0.30752582952006646,
      "bank5_bias_times": 0.0,
      "w_scale_overtake": 0.009417234776716455
    },
    "ops_policy": {
      "x_prob_s_le2": 0.3392886568795902,
      "x_prob_s_3_4": 0.5607473355816263,
      "x_prob_s_ge5": 0.6316943709584361,
      "w_xprob_trail": 0.15456511725513164,
      "w_xprob_lead": 0.0017873599864007411,
      "w_xprob_is_last": 0.05,
      "w_xprob_round": 0.046568387472596666,
      "x_repeat_s_le3": 0.4043431731293452,
      "x_repeat_s_4_5": 0.9,
      "x_repeat_s_ge6": 0.2623280096436148,
      "w_xrep_trail": -0.06801235077965094,
      "w_xrep_lead": -0.1656745920369947,
      "w_xrep_round": 0.12905798134946392,
      "w_xprob_overtake": 0.02934226836443104,
      "w_xrep_overtake": -0.06267969308762089
    },
    "overtake_proxy": {
      "w_trail": 0.6261592503522047,
      "w_rounds_left": 0.3230876519377424,
      "w_is_last": 0.0
    },
    "fitness_penalty": {
      "seat_variance_weight": 0.0
    }
  }
}