{
  "meta": {
    "generation": 8,
    "timestamp": "20250813_021836",
    "eval_seed": 50,
    "fitness": {
      "median": 0.0,
      "win_rate": 0.052,
      "max_score": 0,
      "min_score": 0,
      "bust_rate": 0.7512,
      "mean": 7.678,
      "sd": 5.773587792698748
    }
  },
  "genome": {
    "forbidden": {
      "w_stats": 1.0780298081677735,
      "w_match": -0.5223811632708469,
      "w_random": 0.6277760422153966,
      "w_anti": 0.7054171956945728,
      "prefer_info_if_tied": 0.5085418782666881,
      "gate_last_seat_boost_stats": 0.4705041622840668,
      "gate_trailing_boost_stats": 0.050036959171646495,
      "trail_threshold": 0.5715936269104005
    },
    "draw_policy": {
      "min_target_plus": 6,
      "min_target_times": 5,
      "min_target_last_seat": 0,
      "min_target_r5_bump": 1,
      "plus_scale_base": 1.2468824302699013,
      "times_scale_base": 0.8560778828663299,
      "w_scale_lead": 0.0241594283697788,
      "w_scale_trail": -0.03782385801518269,
      "w_scale_is_last": -0.10296053848566095,
      "w_scale_round_weight": -0.012810840517646346,
      "w_scale_suit_skew": 0.00426948451160708,
      "jitter": 0.025218225258589612,
      "push_times_to3_if_p_bust_below": 0.23070866518831082,
      "push_times_to4_if_p_bust_below": 0.17416894729893867,
      "push_plus_to4_if_p_bust_below": 0.1358765789948054,
      "brake_if_large_lead_r5": 5.5947408507838645,
      "brake_scale_r5": 0.16219325411770255,
      "bank5_bias_plus": 0.2991969762633215,
      "bank5_bias_times": 0.13259401831083595,
      "w_scale_overtake": 0.1117681120010742
    },
    "ops_policy": {
      "x_prob_s_le2": 0.22897789768441024,
      "x_prob_s_3_4": 0.49963295898239324,
      "x_prob_s_ge5": 0.739656820152913,
      "w_xprob_trail": 0.15390008901627564,
      "w_xprob_lead": -0.012236168326507958,
      "w_xprob_is_last": 0.1497715151755892,
      "w_xprob_round": -0.1352813273250422,
      "x_repeat_s_le3": 0.019280524223369136,
      "x_repeat_s_4_5": 0.406351448099851,
      "x_repeat_s_ge6": 0.0,
      "w_xrep_trail": 0.06699405088469865,
      "w_xrep_lead": 0.16877628635578137,
      "w_xrep_round": 0.02328551452072003,
      "w_xprob_overtake": 0.19028636110378208,
      "w_xrep_overtake": 0.11682826270665383
    },
    "overtake_proxy": {
      "w_trail": 0.6659929377421819,
      "w_rounds_left": 0.8970869853733279,
      "w_is_last": 0.32608564803602613
    },
    "fitness_penalty": {
      "seat_variance_weight": 0.10084283317141918
    }
  }
}