{
  "meta": {
    "generation": 20,
    "timestamp": "20250813_022021",
    "eval_seed": 62,
    "fitness": {
      "median": 0.0,
      "win_rate": 0.06,
      "max_score": 0,
      "min_score": 0,
      "bust_rate": 0.6624,
      "mean": 8.6,
      "sd": 5.652256186692178
    }
  },
  "genome": {
    "forbidden": {
      "w_stats": 1.6710286019409242,
      "w_match": -0.7573100629609986,
      "w_random": 0.8256895618864152,
      "w_anti": -0.7644105716026312,
      "prefer_info_if_tied": 0.24249523960182331,
      "gate_last_seat_boost_stats": -0.2918388861637414,
      "gate_trailing_boost_stats": -0.23983450080753893,
      "trail_threshold": 1.7684001344915858
    },
    "draw_policy": {
      "min_target_plus": 5,
      "min_target_times": 4,
      "min_target_last_seat": 0,
      "min_target_r5_bump": 0,
      "plus_scale_base": 1.0767842375613434,
      "times_scale_base": 0.8312875958813359,
      "w_scale_lead": -0.04950484804262808,
      "w_scale_trail": 0.03615978738078702,
      "w_scale_is_last": -0.07789731126216042,
      "w_scale_round_weight": -0.006349818117869147,
      "w_scale_suit_skew": 0.07262876168244886,
      "jitter": 0.02739815884866388,
      "push_times_to3_if_p_bust_below": 0.199947624118034,
      "push_times_to4_if_p_bust_below": 0.15979658394153218,
      "push_plus_to4_if_p_bust_below": 0.09444970321934967,
      "brake_if_large_lead_r5": 10.320194168961457,
      "brake_scale_r5": 0.0,
      "bank5_bias_plus": 0.3725802667107604,
      "bank5_bias_times": 0.15263013772388265,
      "w_scale_overtake": 0.1262070843337953
    },
    "ops_policy": {
      "x_prob_s_le2": 0.27082396469774195,
      "x_prob_s_3_4": 0.5403814416204644,
      "x_prob_s_ge5": 0.597197398656014,
      "w_xprob_trail": 0.15925131202600634,
      "w_xprob_lead": -0.020703246198366637,
      "w_xprob_is_last": -0.08042917398915979,
      "w_xprob_round": -0.017430062927802553,
      "x_repeat_s_le3": 0.12715969640605346,
      "x_repeat_s_4_5": 0.3751121585299473,
      "x_repeat_s_ge6": 0.3236756375783698,
      "w_xrep_trail": 0.08968621596978116,
      "w_xrep_lead": 0.20156568266513844,
      "w_xrep_round": 0.020425572941714366,
      "w_xprob_overtake": 0.2399462386567862,
      "w_xrep_overtake": 0.027823355781617876
    },
    "overtake_proxy": {
      "w_trail": 0.7843286917426209,
      "w_rounds_left": 0.8496661005790016,
      "w_is_last": 0.25000400137503187
    },
    "fitness_penalty": {
      "seat_variance_weight": 0.049461728211114026
    }
  }
}