{
  "meta": {
    "generation": 37,
    "timestamp": "20250813_025233",
    "eval_seed": 79,
    "fitness": {
      "median": 12.0,
      "win_rate": 0.036,
      "max_score": 108,
      "min_score": 0,
      "bust_rate": 0.5312,
      "mean": 11.774,
      "sd": 13.959760886204318
    }
  },
  "genome": {
    "forbidden": {
      "w_stats": 2.252581249416897,
      "w_match": 0.4095395214356206,
      "w_random": -1.7926211570943171,
      "w_anti": -1.0304824411719298,
      "prefer_info_if_tied": 0.8592157677374471,
      "gate_last_seat_boost_stats": 0.9749248245559317,
      "gate_trailing_boost_stats": 0.8222991221758805,
      "trail_threshold": 10.048116680391377
    },
    "draw_policy": {
      "min_target_plus": 4,
      "min_target_times": 2,
      "min_target_last_seat": 1,
      "min_target_r5_bump": 1,
      "plus_scale_base": 0.8532635943623601,
      "times_scale_base": 0.6525118624244849,
      "w_scale_lead": 0.026593534593677873,
      "w_scale_trail": 0.0401859335679066,
      "w_scale_is_last": -0.129056977883593,
      "w_scale_round_weight": 0.08362183742400431,
      "w_scale_suit_skew": 0.0208109987946889,
      "jitter": 0.03232873948885459,
      "push_times_to3_if_p_bust_below": 0.44540170954091096,
      "push_times_to4_if_p_bust_below": 0.1071224457740919,
      "push_plus_to4_if_p_bust_below": 0.1538373014565428,
      "brake_if_large_lead_r5": 6.6431298437283495,
      "brake_scale_r5": 0.3206031881223333,
      "bank5_bias_plus": 0.29549204647721505,
      "bank5_bias_times": 0.5093882302020597,
      "w_scale_overtake": 0.011570264296871923
    },
    "ops_policy": {
      "x_prob_s_le2": 0.5091215944294074,
      "x_prob_s_3_4": 0.9,
      "x_prob_s_ge5": 0.5755879497992578,
      "w_xprob_trail": 0.29999999999999993,
      "w_xprob_lead": -0.15517860884957035,
      "w_xprob_is_last": -0.0015028204975607385,
      "w_xprob_round": -0.035993079609378996,
      "x_repeat_s_le3": 0.2644385280464867,
      "x_repeat_s_4_5": 0.291368510155475,
      "x_repeat_s_ge6": 0.8220379278602171,
      "w_xrep_trail": -0.044729699510478386,
      "w_xrep_lead": 0.12347010197636155,
      "w_xrep_round": 0.1884224185194921,
      "w_xprob_overtake": 0.1485340205369721,
      "w_xrep_overtake": 0.06855288487454232
    },
    "overtake_proxy": {
      "w_trail": 0.9714494827995814,
      "w_rounds_left": 0.18757072007883324,
      "w_is_last": 0.9189825006503693
    },
    "fitness_penalty": {
      "seat_variance_weight": 0.3087737970256768
    }
  }
}