{
  "meta": {
    "generation": 17,
    "timestamp": "20250813_020343",
    "eval_seed": 59,
    "fitness": {
      "median": 0.0,
      "win_rate": 0.054,
      "max_score": 0,
      "min_score": 0,
      "bust_rate": 0.6816,
      "mean": 8.278,
      "sd": 5.66151181222825
    }
  },
  "genome": {
    "forbidden": {
      "w_stats": -1.4362955970384736,
      "w_match": 1.8936904536725172,
      "w_random": -1.9580418027577793,
      "w_anti": -1.9800120849023906,
      "prefer_info_if_tied": 0.7206061690227323,
      "gate_last_seat_boost_stats": 0.1926501971431171,
      "gate_trailing_boost_stats": 1.0839613732366407,
      "trail_threshold": 5.013943712188818
    },
    "draw_policy": {
      "min_target_plus": 5,
      "min_target_times": 5,
      "min_target_last_seat": -1,
      "min_target_r5_bump": 1,
      "plus_scale_base": 1.2480585044111825,
      "times_scale_base": 0.855778947975535,
      "w_scale_lead": -0.05582481926045613,
      "w_scale_trail": 0.08070301882895524,
      "w_scale_is_last": -0.08835130396872448,
      "w_scale_round_weight": 0.006641738686028443,
      "w_scale_suit_skew": -0.050714966047994164,
      "jitter": 0.024142549164543572,
      "push_times_to3_if_p_bust_below": 0.3819643842908875,
      "push_times_to4_if_p_bust_below": 0.1709515220860446,
      "push_plus_to4_if_p_bust_below": 0.10168157456328603,
      "brake_if_large_lead_r5": 8.521418808396358,
      "brake_scale_r5": 0.10036333167628964,
      "bank5_bias_plus": 0.8573811196347204,
      "bank5_bias_times": 0.29920843300407696,
      "w_scale_overtake": 0.07743545533701834
    },
    "ops_policy": {
      "x_prob_s_le2": 0.21734811530280312,
      "x_prob_s_3_4": 0.6142414841532002,
      "x_prob_s_ge5": 0.4030068862066717,
      "w_xprob_trail": 0.11231349595954124,
      "w_xprob_lead": 0.017990835366759335,
      "w_xprob_is_last": 0.2472676051295411,
      "w_xprob_round": -0.007666533589371144,
      "x_repeat_s_le3": 0.12003359024608157,
      "x_repeat_s_4_5": 0.09656968293599774,
      "x_repeat_s_ge6": 0.38419579372124457,
      "w_xrep_trail": 0.1028833434786445,
      "w_xrep_lead": -0.12054637934704081,
      "w_xrep_round": 0.03192829878683381,
      "w_xprob_overtake": 0.02340351234122933,
      "w_xrep_overtake": -0.23466098061331436
    },
    "overtake_proxy": {
      "w_trail": 1.1417423421612711,
      "w_rounds_left": 1.0608413629598141,
      "w_is_last": 0.36613876318112437
    },
    "fitness_penalty": {
      "seat_variance_weight": 0.23863220125152404
    }
  }
}