{
  "meta": {
    "generation": 23,
    "timestamp": "20250813_024852",
    "eval_seed": 65,
    "fitness": {
      "median": 12.0,
      "win_rate": 0.036,
      "max_score": 324,
      "min_score": 0,
      "bust_rate": 0.5172,
      "mean": 13.688,
      "sd": 20.380349751660297
    }
  },
  "genome": {
    "forbidden": {
      "w_stats": 2.9660415582905175,
      "w_match": -0.45309145305226484,
      "w_random": -2.492841647837452,
      "w_anti": -0.6974356264539012,
      "prefer_info_if_tied": 0.8954842392892147,
      "gate_last_seat_boost_stats": 0.20506887266778517,
      "gate_trailing_boost_stats": 0.2044607738107525,
      "trail_threshold": 6.808819551694672
    },
    "draw_policy": {
      "min_target_plus": 4,
      "min_target_times": 2,
      "min_target_last_seat": 1,
      "min_target_r5_bump": 1,
      "plus_scale_base": 0.5,
      "times_scale_base": 0.7859419167991263,
      "w_scale_lead": 0.037971989598286626,
      "w_scale_trail": 0.010986412449962617,
      "w_scale_is_last": -0.15298740513491066,
      "w_scale_round_weight": 0.04703030251767215,
      "w_scale_suit_skew": 0.1774448982261198,
      "jitter": 0.03593478306941837,
      "push_times_to3_if_p_bust_below": 0.30339013980879603,
      "push_times_to4_if_p_bust_below": 0.11395504981597143,
      "push_plus_to4_if_p_bust_below": 0.14792976604997254,
      "brake_if_large_lead_r5": 5.667999755078269,
      "brake_scale_r5": 0.18800114012822836,
      "bank5_bias_plus": 0.032779838465508804,
      "bank5_bias_times": 0.3861700084523786,
      "w_scale_overtake": -0.027186565846802027
    },
    "ops_policy": {
      "x_prob_s_le2": 0.6086116594203869,
      "x_prob_s_3_4": 0.9,
      "x_prob_s_ge5": 0.4961665444508043,
      "w_xprob_trail": 0.11370010038398992,
      "w_xprob_lead": -0.0036522801100794394,
      "w_xprob_is_last": -0.08265623484905552,
      "w_xprob_round": -0.14477001983063315,
      "x_repeat_s_le3": 0.5611965871968434,
      "x_repeat_s_4_5": 0.2673349461034802,
      "x_repeat_s_ge6": 0.6046628147422627,
      "w_xrep_trail": 0.017391858015149832,
      "w_xrep_lead": 0.07628906219913209,
      "w_xrep_round": 0.18016039793762234,
      "w_xprob_overtake": 0.05844857311843603,
      "w_xrep_overtake": 0.07894050999975508
    },
    "overtake_proxy": {
      "w_trail": 1.1893360660497674,
      "w_rounds_left": 0.3981251461005749,
      "w_is_last": 1.1272684496664327
    },
    "fitness_penalty": {
      "seat_variance_weight": 0.2939126670820972
    }
  }
}