{
  "meta": {
    "generation": 1,
    "timestamp": "20250813_021744",
    "eval_seed": 43,
    "fitness": {
      "median": 0.0,
      "win_rate": 0.062,
      "max_score": 0,
      "min_score": 0,
      "bust_rate": 0.5668,
      "mean": 9.018,
      "sd": 4.660651885734441
    }
  },
  "genome": {
    "forbidden": {
      "w_stats": 1.1815620393693826,
      "w_match": 1.0556538009489325,
      "w_random": -0.6021049559657333,
      "w_anti": 0.0,
      "prefer_info_if_tied": 0.5,
      "gate_last_seat_boost_stats": 0.5,
      "gate_trailing_boost_stats": 0.5,
      "trail_threshold": 3.112800618925301
    },
    "draw_policy": {
      "min_target_plus": 4,
      "min_target_times": 3,
      "min_target_last_seat": 0,
      "min_target_r5_bump": 1,
      "plus_scale_base": 0.95,
      "times_scale_base": 0.8209986555817721,
      "w_scale_lead": 0.14749861631838443,
      "w_scale_trail": -0.04,
      "w_scale_is_last": -0.03,
      "w_scale_round_weight": -0.011596981645261498,
      "w_scale_suit_skew": -0.015400267275079378,
      "jitter": 0.025268405804305043,
      "push_times_to3_if_p_bust_below": 0.42741328828180614,
      "push_times_to4_if_p_bust_below": 0.13664259476223695,
      "push_plus_to4_if_p_bust_below": 0.05,
      "brake_if_large_lead_r5": 6.0,
      "brake_scale_r5": 0.1280028378366494,
      "bank5_bias_plus": 0.25,
      "bank5_bias_times": 0.8590567755295784,
      "w_scale_overtake": 0.05
    },
    "ops_policy": {
      "x_prob_s_le2": 0.2194421700935057,
      "x_prob_s_3_4": 0.45,
      "x_prob_s_ge5": 0.7288607509219867,
      "w_xprob_trail": 0.1,
      "w_xprob_lead": -0.08,
      "w_xprob_is_last": -0.024756674351396148,
      "w_xprob_round": -0.02,
      "x_repeat_s_le3": 0.03585342818449244,
      "x_repeat_s_4_5": 0.09116098958318652,
      "x_repeat_s_ge6": 0.39033689144274286,
      "w_xrep_trail": 0.08,
      "w_xrep_lead": -0.06315499682061357,
      "w_xrep_round": -0.009695284446802822,
      "w_xprob_overtake": 0.08831101127930387,
      "w_xrep_overtake": 0.05
    },
    "overtake_proxy": {
      "w_trail": 0.9020460235779374,
      "w_rounds_left": 0.3,
      "w_is_last": 0.2
    },
    "fitness_penalty": {
      "seat_variance_weight": 0.2568361070121211
    }
  }
}