{
  "meta": {
    "generation": 20,
    "timestamp": "20250812_231813",
    "eval_seed": 62,
    "fitness": {
      "median": 12.0,
      "win_rate": 0.016,
      "max_score": 108,
      "min_score": 0,
      "bust_rate": 0.532,
      "mean": 11.202,
      "sd": 12.01853551810702
    }
  },
  "genome": {
    "forbidden": {
      "w_stats": 0.7850833816700307,
      "w_match": 0.18212321989615576,
      "w_random": -1.33303582832846,
      "w_anti": -1.148255649848358,
      "prefer_info_if_tied": 0.3968482244192897,
      "gate_last_seat_boost_stats": 0.5570735734367691,
      "gate_trailing_boost_stats": 0.30705348911934804,
      "trail_threshold": 2.0530381587263014
    },
    "draw_policy": {
      "min_target_plus": 4,
      "min_target_times": 3,
      "min_target_last_seat": -1,
      "min_target_r5_bump": 0,
      "plus_scale_base": 1.1293376536554465,
      "times_scale_base": 0.8574857162661269,
      "w_scale_lead": 0.06007858042328566,
      "w_scale_trail": -0.04746474833839043,
      "w_scale_is_last": -0.04116929881732724,
      "w_scale_round_weight": -0.003771910767955673,
      "w_scale_suit_skew": 0.10849877072548506,
      "jitter": 0.031171821044692318,
      "push_times_to3_if_p_bust_below": 0.36052856845092884,
      "push_times_to4_if_p_bust_below": 0.08802969242136346,
      "push_plus_to4_if_p_bust_below": 0.10421514942599705,
      "brake_if_large_lead_r5": 2.7148346036981392,
      "brake_scale_r5": 0.1611593157109709,
      "bank5_bias_plus": 0.28473979503157976,
      "bank5_bias_times": 0.16970157726378562,
      "w_scale_overtake": 0.06596752752033984
    },
    "ops_policy": {
      "x_prob_s_le2": 0.38942433196928966,
      "x_prob_s_3_4": 0.886301899428922,
      "x_prob_s_ge5": 0.5033169389635687,
      "w_xprob_trail": 0.09258955402930362,
      "w_xprob_lead": -0.11038787774962386,
      "w_xprob_is_last": 0.1299880777626128,
      "w_xprob_round": -0.04890822316094519,
      "x_repeat_s_le3": 0.25620787435731857,
      "x_repeat_s_4_5": 0.2521841481190289,
      "x_repeat_s_ge6": 0.20114292785156793,
      "w_xrep_trail": -0.024004948416205596,
      "w_xrep_lead": -0.0842011898196226,
      "w_xrep_round": 0.009796158448899948,
      "w_xprob_overtake": 0.13400737499951393,
      "w_xrep_overtake": -0.021710122492526372
    },
    "overtake_proxy": {
      "w_trail": 0.5644049351147581,
      "w_rounds_left": 0.0726532844354079,
      "w_is_last": 0.1812239169380389
    },
    "fitness_penalty": {
      "seat_variance_weight": 0.03134636842066425
    }
  }
}