{
  "meta": {
    "generation": 16,
    "timestamp": "20250813_023248",
    "eval_seed": 58,
    "fitness": {
      "median": 0.0,
      "win_rate": 0.044,
      "max_score": 0,
      "min_score": 0,
      "bust_rate": 0.5904,
      "mean": 21.72,
      "sd": 63.55030763104141
    }
  },
  "genome": {
    "forbidden": {
      "w_stats": 2.4177523728089145,
      "w_match": 2.043373641309075,
      "w_random": -0.9092403153334433,
      "w_anti": -1.0573232558667116,
      "prefer_info_if_tied": 0.6982184659981628,
      "gate_last_seat_boost_stats": -0.08729029694404675,
      "gate_trailing_boost_stats": 0.428545810801823,
      "trail_threshold": 4.179053009644221
    },
    "draw_policy": {
      "min_target_plus": 5,
      "min_target_times": 3,
      "min_target_last_seat": 0,
      "min_target_r5_bump": 0,
      "plus_scale_base": 0.8308621885723049,
      "times_scale_base": 0.7133554699404416,
      "w_scale_lead": 0.11068432782829933,
      "w_scale_trail": -0.09229691384591374,
      "w_scale_is_last": 0.018889053101382686,
      "w_scale_round_weight": 0.027667067149188262,
      "w_scale_suit_skew": 0.06798972373932177,
      "jitter": 0.03176635604694769,
      "push_times_to3_if_p_bust_below": 0.41053839324857233,
      "push_times_to4_if_p_bust_below": 0.10451387117893193,
      "push_plus_to4_if_p_bust_below": 0.26790608707566965,
      "brake_if_large_lead_r5": 6.051413013799461,
      "brake_scale_r5": 0.1622420333080975,
      "bank5_bias_plus": 0.313498004334935,
      "bank5_bias_times": 0.3256194663059093,
      "w_scale_overtake": 0.14475584089958687
    },
    "ops_policy": {
      "x_prob_s_le2": 0.24262166079576988,
      "x_prob_s_3_4": 0.6095692443455223,
      "x_prob_s_ge5": 0.8548924414382169,
      "w_xprob_trail": 0.09453909294726778,
      "w_xprob_lead": -0.116596100928098,
      "w_xprob_is_last": 0.1455447736171457,
      "w_xprob_round": 0.0874149420510728,
      "x_repeat_s_le3": 0.5111345613823395,
      "x_repeat_s_4_5": 0.8399692902362312,
      "x_repeat_s_ge6": 0.22973354854897893,
      "w_xrep_trail": 0.2172409952255997,
      "w_xrep_lead": -0.05412798409358853,
      "w_xrep_round": -0.19013077553722108,
      "w_xprob_overtake": 0.26851109229273823,
      "w_xrep_overtake": 0.18714701668223377
    },
    "overtake_proxy": {
      "w_trail": 0.4169742088278405,
      "w_rounds_left": 0.48980967794127317,
      "w_is_last": 0.224495815208451
    },
    "fitness_penalty": {
      "seat_variance_weight": 0.30353076172353877
    }
  }
}