{
  "meta": {
    "generation": 23,
    "timestamp": "20250813_023420",
    "eval_seed": 65,
    "fitness": {
      "median": 0.0,
      "win_rate": 0.048,
      "max_score": 0,
      "min_score": 0,
      "bust_rate": 0.6576,
      "mean": 36.588,
      "sd": 169.087238595939
    }
  },
  "genome": {
    "forbidden": {
      "w_stats": 1.496770992239249,
      "w_match": 2.063963597616991,
      "w_random": -1.5121720905923208,
      "w_anti": -1.0833067026003589,
      "prefer_info_if_tied": 0.6912346205715247,
      "gate_last_seat_boost_stats": 0.4246201413718078,
      "gate_trailing_boost_stats": 0.9245478267562106,
      "trail_threshold": 5.531412248341636
    },
    "draw_policy": {
      "min_target_plus": 6,
      "min_target_times": 3,
      "min_target_last_seat": 0,
      "min_target_r5_bump": 0,
      "plus_scale_base": 0.7425536076117871,
      "times_scale_base": 0.9427904407822827,
      "w_scale_lead": 0.09884568877752586,
      "w_scale_trail": -0.12639251152282466,
      "w_scale_is_last": 0.05720111043592428,
      "w_scale_round_weight": 0.0773356628171571,
      "w_scale_suit_skew": 0.011131731455807006,
      "jitter": 0.01567700767894339,
      "push_times_to3_if_p_bust_below": 0.3053071737110397,
      "push_times_to4_if_p_bust_below": 0.15804478816347334,
      "push_plus_to4_if_p_bust_below": 0.280135876282828,
      "brake_if_large_lead_r5": 8.442217225937352,
      "brake_scale_r5": 0.13296115840150585,
      "bank5_bias_plus": 0.14613932470202548,
      "bank5_bias_times": 0.6578287629240535,
      "w_scale_overtake": 0.055943080949679216
    },
    "ops_policy": {
      "x_prob_s_le2": 0.23928160101427554,
      "x_prob_s_3_4": 0.5374986645846249,
      "x_prob_s_ge5": 0.95,
      "w_xprob_trail": 0.04448938916790926,
      "w_xprob_lead": -0.021262522916440638,
      "w_xprob_is_last": 0.26734883137461113,
      "w_xprob_round": -0.06428397367592394,
      "x_repeat_s_le3": 0.4370224160783792,
      "x_repeat_s_4_5": 0.9,
      "x_repeat_s_ge6": 0.3295924193712978,
      "w_xrep_trail": 0.10301236752831278,
      "w_xrep_lead": -0.2981353558940721,
      "w_xrep_round": -0.1591598145657458,
      "w_xprob_overtake": 0.1595846238145586,
      "w_xrep_overtake": 0.12609707407546059
    },
    "overtake_proxy": {
      "w_trail": 0.8562533327358105,
      "w_rounds_left": 1.2140957037405422,
      "w_is_last": 0.3135504835823062
    },
    "fitness_penalty": {
      "seat_variance_weight": 0.33712727421402144
    }
  }
}