{
  "meta": {
    "generation": 9,
    "timestamp": "20250813_020557",
    "eval_seed": 51,
    "fitness": {
      "median": 0.0,
      "win_rate": 0.072,
      "max_score": 0,
      "min_score": 0,
      "bust_rate": 0.6932,
      "mean": 8.24,
      "sd": 5.596641850252703
    }
  },
  "genome": {
    "forbidden": {
      "w_stats": 1.1396761484388593,
      "w_match": -0.8036055798029491,
      "w_random": 0.23698886437217925,
      "w_anti": 0.4326371135240008,
      "prefer_info_if_tied": 0.296582516502109,
      "gate_last_seat_boost_stats": 1.0209808723093303,
      "gate_trailing_boost_stats": -0.35580899403554556,
      "trail_threshold": 2.0434521628190474
    },
    "draw_policy": {
      "min_target_plus": 2,
      "min_target_times": 4,
      "min_target_last_seat": 0,
      "min_target_r5_bump": 0,
      "plus_scale_base": 1.3488626236910322,
      "times_scale_base": 0.717694867917005,
      "w_scale_lead": -0.09377815880936854,
      "w_scale_trail": -0.008970739583256084,
      "w_scale_is_last": -0.009914276866990434,
      "w_scale_round_weight": -0.0056165221003812455,
      "w_scale_suit_skew": 0.1351658989627984,
      "jitter": 0.027997470394358202,
      "push_times_to3_if_p_bust_below": 0.3293159380836219,
      "push_times_to4_if_p_bust_below": 0.09191130945948323,
      "push_plus_to4_if_p_bust_below": 0.12637257535304358,
      "brake_if_large_lead_r5": 2.7100506327931324,
      "brake_scale_r5": 0.09644866935786646,
      "bank5_bias_plus": 0.13570820410630463,
      "bank5_bias_times": 0.2885586208794996,
      "w_scale_overtake": 0.05
    },
    "ops_policy": {
      "x_prob_s_le2": 0.30000000000000004,
      "x_prob_s_3_4": 0.4359073259208205,
      "x_prob_s_ge5": 0.43582193854815143,
      "w_xprob_trail": 0.11092325224918152,
      "w_xprob_lead": -0.053847746141504074,
      "w_xprob_is_last": -0.051930427109755005,
      "w_xprob_round": -0.018240921717349323,
      "x_repeat_s_le3": 0.0,
      "x_repeat_s_4_5": 0.04745158670504021,
      "x_repeat_s_ge6": 0.12044471126601804,
      "w_xrep_trail": -0.10330380662038485,
      "w_xrep_lead": -0.10977365204045889,
      "w_xrep_round": 0.07823110078163253,
      "w_xprob_overtake": 0.05681938037257471,
      "w_xrep_overtake": -0.14570536969266062
    },
    "overtake_proxy": {
      "w_trail": 0.43378233022832424,
      "w_rounds_left": 0.47266157984143964,
      "w_is_last": 0.3674796198737186
    },
    "fitness_penalty": {
      "seat_variance_weight": 0.05035147286445681
    }
  }
}