{
  "meta": {
    "generation": 42,
    "timestamp": "20250812_232930",
    "eval_seed": 84,
    "fitness": {
      "median": 12.0,
      "win_rate": 0.018,
      "max_score": 324,
      "min_score": 0,
      "bust_rate": 0.5064,
      "mean": 12.22,
      "sd": 23.821746367552485
    }
  },
  "genome": {
    "forbidden": {
      "w_stats": 0.7577623435722001,
      "w_match": 2.0016011300507124,
      "w_random": -1.215529680353929,
      "w_anti": -0.3307256964118759,
      "prefer_info_if_tied": 0.7553091717441854,
      "gate_last_seat_boost_stats": 0.18009226971709907,
      "gate_trailing_boost_stats": -0.05345721050910379,
      "trail_threshold": 1.552936997564443
    },
    "draw_policy": {
      "min_target_plus": 4,
      "min_target_times": 2,
      "min_target_last_seat": 0,
      "min_target_r5_bump": -1,
      "plus_scale_base": 0.6997234928810812,
      "times_scale_base": 0.48564660649495195,
      "w_scale_lead": 0.005715408967233785,
      "w_scale_trail": -0.08411251793611756,
      "w_scale_is_last": 0.004617063881389128,
      "w_scale_round_weight": -0.07030792222183094,
      "w_scale_suit_skew": 0.08274581316361018,
      "jitter": 0.027368197494172783,
      "push_times_to3_if_p_bust_below": 0.32687975170559064,
      "push_times_to4_if_p_bust_below": 0.10495989762231087,
      "push_plus_to4_if_p_bust_below": 0.07146319223920755,
      "brake_if_large_lead_r5": 9.533072048019982,
      "brake_scale_r5": 0.12433744745694322,
      "bank5_bias_plus": 0.3756512005545184,
      "bank5_bias_times": 0.3381458959570717,
      "w_scale_overtake": 0.03453889329037268
    },
    "ops_policy": {
      "x_prob_s_le2": 0.41082088821837276,
      "x_prob_s_3_4": 0.8975059206389744,
      "x_prob_s_ge5": 0.6081402377345673,
      "w_xprob_trail": 0.09931426129244421,
      "w_xprob_lead": 0.07720571156585371,
      "w_xprob_is_last": -0.053215297895329444,
      "w_xprob_round": -0.09551715098592777,
      "x_repeat_s_le3": 0.17846866792743693,
      "x_repeat_s_4_5": 0.2887005795745997,
      "x_repeat_s_ge6": 0.17391807230950482,
      "w_xrep_trail": 0.11762619676070166,
      "w_xrep_lead": 0.08204025560693493,
      "w_xrep_round": 0.027551227783473707,
      "w_xprob_overtake": 0.16231235350524947,
      "w_xrep_overtake": -0.10267453840327063
    },
    "overtake_proxy": {
      "w_trail": 0.5057684334480337,
      "w_rounds_left": 0.5014691172474881,
      "w_is_last": 0.30742766687201706
    },
    "fitness_penalty": {
      "seat_variance_weight": 0.1296431086455324
    }
  }
}