{
  "meta": {
    "generation": 33,
    "timestamp": "20250813_023635",
    "eval_seed": 75,
    "fitness": {
      "median": 0.0,
      "win_rate": 0.05,
      "max_score": 0,
      "min_score": 0,
      "bust_rate": 0.5912,
      "mean": 30.9,
      "sd": 105.51914518228433
    }
  },
  "genome": {
    "forbidden": {
      "w_stats": 0.7112787871698957,
      "w_match": 1.757666865711606,
      "w_random": -1.0259212095800392,
      "w_anti": -1.2142015192527253,
      "prefer_info_if_tied": 0.7707531581999141,
      "gate_last_seat_boost_stats": 0.28253893426013954,
      "gate_trailing_boost_stats": 0.5790737427672391,
      "trail_threshold": 8.68859159860049
    },
    "draw_policy": {
      "min_target_plus": 5,
      "min_target_times": 3,
      "min_target_last_seat": 0,
      "min_target_r5_bump": 0,
      "plus_scale_base": 0.8049433682201161,
      "times_scale_base": 0.8260425783703766,
      "w_scale_lead": 0.08787365191597642,
      "w_scale_trail": -0.05489449749277547,
      "w_scale_is_last": 0.04827874245354936,
      "w_scale_round_weight": 0.07931334633438496,
      "w_scale_suit_skew": -0.10349551516883945,
      "jitter": 0.026569882521345973,
      "push_times_to3_if_p_bust_below": 0.3396809702163852,
      "push_times_to4_if_p_bust_below": 0.12672703110963857,
      "push_plus_to4_if_p_bust_below": 0.2943073909883389,
      "brake_if_large_lead_r5": 7.151806765083137,
      "brake_scale_r5": 0.2740040426989324,
      "bank5_bias_plus": 0.0,
      "bank5_bias_times": 0.49624917809484914,
      "w_scale_overtake": 0.12792552804740376
    },
    "ops_policy": {
      "x_prob_s_le2": 0.12153881019427155,
      "x_prob_s_3_4": 0.5345867155892711,
      "x_prob_s_ge5": 0.95,
      "w_xprob_trail": 0.23573348316004508,
      "w_xprob_lead": 0.039704565165025164,
      "w_xprob_is_last": -0.08849443048849914,
      "w_xprob_round": -0.1634405585494035,
      "x_repeat_s_le3": 0.25993339629300194,
      "x_repeat_s_4_5": 0.8899072386568216,
      "x_repeat_s_ge6": 0.28211106683575377,
      "w_xrep_trail": 0.08678304997722563,
      "w_xrep_lead": -0.20582839021302832,
      "w_xrep_round": -0.10436356461057238,
      "w_xprob_overtake": 0.09028098539689325,
      "w_xrep_overtake": 0.14980967372026538
    },
    "overtake_proxy": {
      "w_trail": 1.0401016897101114,
      "w_rounds_left": 0.7540058101641143,
      "w_is_last": 0.06322291596782449
    },
    "fitness_penalty": {
      "seat_variance_weight": 0.2634698778860966
    }
  }
}