{
  "meta": {
    "generation": 29,
    "timestamp": "20250813_023544",
    "eval_seed": 71,
    "fitness": {
      "median": 0.0,
      "win_rate": 0.048,
      "max_score": 0,
      "min_score": 0,
      "bust_rate": 0.5808,
      "mean": 23.02,
      "sd": 66.38433248892392
    }
  },
  "genome": {
    "forbidden": {
      "w_stats": 1.3837658285042207,
      "w_match": 1.7909417633897906,
      "w_random": -1.3495253796039948,
      "w_anti": -0.3452362306857679,
      "prefer_info_if_tied": 0.7656974532036582,
      "gate_last_seat_boost_stats": 0.4430593433923691,
      "gate_trailing_boost_stats": 0.4775056803635849,
      "trail_threshold": 7.345573484443319
    },
    "draw_policy": {
      "min_target_plus": 5,
      "min_target_times": 3,
      "min_target_last_seat": 0,
      "min_target_r5_bump": 0,
      "plus_scale_base": 0.7608535612213415,
      "times_scale_base": 0.7168463044790574,
      "w_scale_lead": 0.10789794296034307,
      "w_scale_trail": -0.17198552468836964,
      "w_scale_is_last": 0.0021057400701972803,
      "w_scale_round_weight": 0.058184538044880565,
      "w_scale_suit_skew": -0.08961236331889325,
      "jitter": 0.021491808644551105,
      "push_times_to3_if_p_bust_below": 0.36698646774073357,
      "push_times_to4_if_p_bust_below": 0.21427311150941286,
      "push_plus_to4_if_p_bust_below": 0.20833346598116412,
      "brake_if_large_lead_r5": 8.671028262040073,
      "brake_scale_r5": 0.11649430904734494,
      "bank5_bias_plus": 0.0,
      "bank5_bias_times": 0.5169544229751583,
      "w_scale_overtake": 0.10278503354952155
    },
    "ops_policy": {
      "x_prob_s_le2": 0.09985770744103772,
      "x_prob_s_3_4": 0.45411942310568915,
      "x_prob_s_ge5": 0.95,
      "w_xprob_trail": -0.010780828972565562,
      "w_xprob_lead": -0.05687108603084034,
      "w_xprob_is_last": -0.05716638235116054,
      "w_xprob_round": 0.08372861449564328,
      "x_repeat_s_le3": 0.8845880733771531,
      "x_repeat_s_4_5": 0.8260266745071531,
      "x_repeat_s_ge6": 0.1559139409793719,
      "w_xrep_trail": 0.07212081393534508,
      "w_xrep_lead": -0.19760854630131686,
      "w_xrep_round": -0.17869097219036445,
      "w_xprob_overtake": 0.10643901539654135,
      "w_xrep_overtake": 0.10908614954927956
    },
    "overtake_proxy": {
      "w_trail": 1.1456194729071765,
      "w_rounds_left": 0.7473809589946894,
      "w_is_last": 0.19369274069499193
    },
    "fitness_penalty": {
      "seat_variance_weight": 0.3377728109062195
    }
  }
}