{
  "meta": {
    "generation": 1,
    "timestamp": "20250813_025957",
    "eval_seed": 43,
    "fitness": {
      "median": 8.0,
      "win_rate": 0.056,
      "max_score": 112,
      "min_score": 0,
      "bust_rate": 0.542,
      "mean": 11.452,
      "sd": 14.330655811929892
    }
  },
  "genome": {
    "forbidden": {
      "w_stats": 0.6399235328671835,
      "w_match": -0.5159366354834449,
      "w_random": -0.2054414535520778,
      "w_anti": 0.0,
      "prefer_info_if_tied": 0.5,
      "gate_last_seat_boost_stats": 1.2248655165726552,
      "gate_trailing_boost_stats": 0.5,
      "trail_threshold": 2.124038844754383
    },
    "draw_policy": {
      "min_target_plus": 4,
      "min_target_times": 3,
      "min_target_last_seat": 0,
      "min_target_r5_bump": 0,
      "plus_scale_base": 0.9856807110312032,
      "times_scale_base": 0.8108198927760507,
      "w_scale_lead": 0.024482804111645058,
      "w_scale_trail": -0.04,
      "w_scale_is_last": 0.062077045012944435,
      "w_scale_round_weight": 0.03334653934789851,
      "w_scale_suit_skew": 0.07501596270832692,
      "jitter": 0.01602091092269246,
      "push_times_to3_if_p_bust_below": 0.32183365016562393,
      "push_times_to4_if_p_bust_below": 0.15,
      "push_plus_to4_if_p_bust_below": 0.14,
      "brake_if_large_lead_r5": 7.044299515030228,
      "brake_scale_r5": 0.1720602823660619,
      "bank5_bias_plus": 0.25,
      "bank5_bias_times": 0.14140470644177805,
      "w_scale_overtake": 0.017836639497848028
    },
    "ops_policy": {
      "x_prob_s_le2": 0.3,
      "x_prob_s_3_4": 0.6048550697432491,
      "x_prob_s_ge5": 0.17570760575592714,
      "w_xprob_trail": 0.24114466957417405,
      "w_xprob_lead": -0.11556264022235066,
      "w_xprob_is_last": 0.02473897636306681,
      "w_xprob_round": -0.02,
      "x_repeat_s_le3": 0.0,
      "x_repeat_s_4_5": 0.27348210423304187,
      "x_repeat_s_ge6": 0.3205032668507962,
      "w_xrep_trail": -0.18845810854340211,
      "w_xrep_lead": -0.06,
      "w_xrep_round": -0.023097501427880165,
      "w_xprob_overtake": 0.21187057462292314,
      "w_xrep_overtake": 0.05
    },
    "overtake_proxy": {
      "w_trail": 0.5644502939835907,
      "w_rounds_left": 0.3,
      "w_is_last": 0.7309868976300933
    },
    "fitness_penalty": {
      "seat_variance_weight": 0.05
    }
  }
}