{
  "meta": {
    "generation": 25,
    "timestamp": "20250813_020044",
    "eval_seed": 67,
    "fitness": {
      "median": 0.0,
      "win_rate": 0.046,
      "max_score": 0,
      "min_score": 0,
      "bust_rate": 0.6788,
      "mean": 8.39,
      "sd": 5.601955015885079
    }
  },
  "genome": {
    "forbidden": {
      "w_stats": 1.4333085986213252,
      "w_match": -1.3041602240177603,
      "w_random": 0.0029433388607904565,
      "w_anti": 0.23992850097264906,
      "prefer_info_if_tied": 0.6320246346156143,
      "gate_last_seat_boost_stats": -0.08677282876327824,
      "gate_trailing_boost_stats": 0.0516056707319931,
      "trail_threshold": 2.1676510383516905
    },
    "draw_policy": {
      "min_target_plus": 5,
      "min_target_times": 3,
      "min_target_last_seat": 1,
      "min_target_r5_bump": 1,
      "plus_scale_base": 0.9571171298682757,
      "times_scale_base": 1.3258205117445374,
      "w_scale_lead": 0.03789590782632309,
      "w_scale_trail": 0.02225482634144703,
      "w_scale_is_last": -0.06372311204095824,
      "w_scale_round_weight": -0.023245042087758988,
      "w_scale_suit_skew": 0.12820790055790454,
      "jitter": 0.039614119076535906,
      "push_times_to3_if_p_bust_below": 0.2949064411984053,
      "push_times_to4_if_p_bust_below": 0.05694180485124725,
      "push_plus_to4_if_p_bust_below": 0.15889634488322277,
      "brake_if_large_lead_r5": 0.0,
      "brake_scale_r5": 0.12376407600105888,
      "bank5_bias_plus": 0.09131819970087884,
      "bank5_bias_times": 0.03375118716627115,
      "w_scale_overtake": 0.1395833664080392
    },
    "ops_policy": {
      "x_prob_s_le2": 0.08927980061378862,
      "x_prob_s_3_4": 0.43143957792266074,
      "x_prob_s_ge5": 0.907300701525944,
      "w_xprob_trail": 0.09154239520578492,
      "w_xprob_lead": 0.15200331937396538,
      "w_xprob_is_last": 0.08805274479291852,
      "w_xprob_round": -0.18154237061047138,
      "x_repeat_s_le3": 0.19365430739049178,
      "x_repeat_s_4_5": 0.03574200487677405,
      "x_repeat_s_ge6": 0.32432049920892575,
      "w_xrep_trail": 0.1374833394082933,
      "w_xrep_lead": 0.036391310603924955,
      "w_xrep_round": -0.06462191078542671,
      "w_xprob_overtake": 0.037222438551707995,
      "w_xrep_overtake": -0.06351593116997714
    },
    "overtake_proxy": {
      "w_trail": 0.2641056514130952,
      "w_rounds_left": 0.11411421410672812,
      "w_is_last": 0.07569954608097135
    },
    "fitness_penalty": {
      "seat_variance_weight": 0.12356961630119484
    }
  }
}