{
  "meta": {
    "generation": 17,
    "timestamp": "20250813_021957",
    "eval_seed": 59,
    "fitness": {
      "median": 0.0,
      "win_rate": 0.058,
      "max_score": 0,
      "min_score": 0,
      "bust_rate": 0.758,
      "mean": 7.586,
      "sd": 6.233666978592938
    }
  },
  "genome": {
    "forbidden": {
      "w_stats": 1.3743063394600714,
      "w_match": -0.6529025054384094,
      "w_random": -0.1596075703542046,
      "w_anti": -0.526187713883985,
      "prefer_info_if_tied": 0.39652783485493737,
      "gate_last_seat_boost_stats": 0.11135033094279564,
      "gate_trailing_boost_stats": -0.21272513168856977,
      "trail_threshold": 1.6550470213349202
    },
    "draw_policy": {
      "min_target_plus": 6,
      "min_target_times": 4,
      "min_target_last_seat": 0,
      "min_target_r5_bump": 1,
      "plus_scale_base": 1.3283074772891443,
      "times_scale_base": 0.8341909865646007,
      "w_scale_lead": 0.06922461512030845,
      "w_scale_trail": 0.009933900218726288,
      "w_scale_is_last": -0.08423737154391997,
      "w_scale_round_weight": 0.008417063566210626,
      "w_scale_suit_skew": 0.14347702968913179,
      "jitter": 0.048518247701231934,
      "push_times_to3_if_p_bust_below": 0.23731858711574888,
      "push_times_to4_if_p_bust_below": 0.1282183124209191,
      "push_plus_to4_if_p_bust_below": 0.1174184532672502,
      "brake_if_large_lead_r5": 10.932491453965971,
      "brake_scale_r5": 0.02838452541529895,
      "bank5_bias_plus": 0.5262322585421747,
      "bank5_bias_times": 0.12004479853331314,
      "w_scale_overtake": 0.13236086206692677
    },
    "ops_policy": {
      "x_prob_s_le2": 0.24561031840475117,
      "x_prob_s_3_4": 0.39917590061758546,
      "x_prob_s_ge5": 0.5829258564829107,
      "w_xprob_trail": 0.0900896881199135,
      "w_xprob_lead": 0.0266256348128766,
      "w_xprob_is_last": -0.03294987081743373,
      "w_xprob_round": -0.0329788680526855,
      "x_repeat_s_le3": 0.21061905175863457,
      "x_repeat_s_4_5": 0.3998135568194813,
      "x_repeat_s_ge6": 0.3365463536697426,
      "w_xrep_trail": -0.06646964255624987,
      "w_xrep_lead": 0.09672357312977549,
      "w_xrep_round": 0.1291950789894375,
      "w_xprob_overtake": 0.15951046520567097,
      "w_xrep_overtake": -0.0569402563700773
    },
    "overtake_proxy": {
      "w_trail": 0.6013208676569309,
      "w_rounds_left": 0.7100977873577348,
      "w_is_last": 0.1725708713252368
    },
    "fitness_penalty": {
      "seat_variance_weight": 0.19649191864246074
    }
  }
}