{
  "meta": {
    "generation": 18,
    "timestamp": "20250813_054826",
    "eval_seed": 42,
    "bot_id": "909e4e57b3274656",
    "fitness": {
      "median": 0.0,
      "win_rate": 0.03333333333333333,
      "max_score": 1600,
      "min_score": 0,
      "bust_rate": 0.6454666666666666,
      "mean": 26.564,
      "sd": 101.01013432984502,
      "q1": null,
      "q3": null,
      "median_observed": null
    }
  },
  "genome": {
    "forbidden": {
      "w_stats": 1.41596445159857,
      "w_match": 0.9381616942110695,
      "w_random": 0.7215418613004616,
      "w_anti": -0.6627018000924187,
      "prefer_info_if_tied": 0.39232443479791423,
      "gate_last_seat_boost_stats": 0.21503075618076314,
      "gate_trailing_boost_stats": 0.7831484356263977,
      "trail_threshold": 2.3930658506387603
    },
    "draw_policy": {
      "min_target_plus": 3,
      "min_target_times": 3,
      "min_target_last_seat": 1,
      "min_target_r5_bump": 1,
      "plus_scale_base": 1.3798684853777616,
      "times_scale_base": 0.7548391205473759,
      "w_scale_lead": 0.006048674711866095,
      "w_scale_trail": 0.044648435552177415,
      "w_scale_is_last": 0.024382710570640894,
      "w_scale_round_weight": -0.027238801849418102,
      "w_scale_suit_skew": 0.08661734546440324,
      "jitter": 0.01623976426203418,
      "push_times_to3_if_p_bust_below": 0.46948035095759977,
      "push_times_to4_if_p_bust_below": 0.0972468534840599,
      "push_plus_to4_if_p_bust_below": 0.2092070148068352,
      "brake_if_large_lead_r5": 5.303434368222868,
      "brake_scale_r5": 0.14902300719570263,
      "bank5_bias_plus": 0.4475977491252958,
      "bank5_bias_times": 0.16250829086043372,
      "w_scale_overtake": 0.06859748869746093
    },
    "ops_policy": {
      "x_prob_s_le2": 0.37507519270727235,
      "x_prob_s_3_4": 0.5971084488696243,
      "x_prob_s_ge5": 0.9350810496240425,
      "w_xprob_trail": 0.07054083604149987,
      "w_xprob_lead": 0.00823430112265871,
      "w_xprob_is_last": 0.1261973256007466,
      "w_xprob_round": 0.04461126977057814,
      "x_repeat_s_le3": 0.4342634560884592,
      "x_repeat_s_4_5": 0.9,
      "x_repeat_s_ge6": 0.17355726186543854,
      "w_xrep_trail": 0.12802767625745987,
      "w_xrep_lead": -0.09807767400069985,
      "w_xrep_round": 0.12557551971588934,
      "w_xprob_overtake": 0.06868203749321172,
      "w_xrep_overtake": -0.15210635259495203
    },
    "overtake_proxy": {
      "w_trail": 0.4047247095731624,
      "w_rounds_left": 0.0,
      "w_is_last": 0.32900363218871176
    },
    "fitness_penalty": {
      "seat_variance_weight": 0.1148231253792371
    }
  }
}