{
  "meta": {
    "generation": 12,
    "timestamp": "20250813_024628",
    "eval_seed": 54,
    "fitness": {
      "median": 12.0,
      "win_rate": 0.044,
      "max_score": 141,
      "min_score": 0,
      "bust_rate": 0.5348,
      "mean": 12.788,
      "sd": 17.494086315095167
    }
  },
  "genome": {
    "forbidden": {
      "w_stats": 2.6187967797834313,
      "w_match": -0.07653455411907278,
      "w_random": -1.1433461519555765,
      "w_anti": -0.6094580418977484,
      "prefer_info_if_tied": 0.7461278859410061,
      "gate_last_seat_boost_stats": 0.14324953159615825,
      "gate_trailing_boost_stats": 0.7066948556587719,
      "trail_threshold": 6.6561009088057315
    },
    "draw_policy": {
      "min_target_plus": 4,
      "min_target_times": 2,
      "min_target_last_seat": 1,
      "min_target_r5_bump": 1,
      "plus_scale_base": 0.800929114092588,
      "times_scale_base": 0.7788258245284029,
      "w_scale_lead": 0.01323051988423194,
      "w_scale_trail": -0.04883378211991973,
      "w_scale_is_last": -0.0895860438033186,
      "w_scale_round_weight": 0.038991933520482365,
      "w_scale_suit_skew": 0.09061650082530828,
      "jitter": 0.033500751113313944,
      "push_times_to3_if_p_bust_below": 0.3043243731628707,
      "push_times_to4_if_p_bust_below": 0.13363846365372958,
      "push_plus_to4_if_p_bust_below": 0.17346184078876048,
      "brake_if_large_lead_r5": 8.101949359936562,
      "brake_scale_r5": 0.2231557702589843,
      "bank5_bias_plus": 0.19062915729255347,
      "bank5_bias_times": 0.3936363255073212,
      "w_scale_overtake": -0.05379661298522154
    },
    "ops_policy": {
      "x_prob_s_le2": 0.580612494508933,
      "x_prob_s_3_4": 0.8999999999999999,
      "x_prob_s_ge5": 0.5494191236848454,
      "w_xprob_trail": 0.22970363001118538,
      "w_xprob_lead": -0.05547666277333544,
      "w_xprob_is_last": -0.039908792860041675,
      "w_xprob_round": -0.07545587677810012,
      "x_repeat_s_le3": 0.5987140727269774,
      "x_repeat_s_4_5": 0.28608147464472167,
      "x_repeat_s_ge6": 0.587710772888498,
      "w_xrep_trail": -0.04430740104497401,
      "w_xrep_lead": 0.026457644137123783,
      "w_xrep_round": 0.1379112096871633,
      "w_xprob_overtake": 0.03942095525168668,
      "w_xrep_overtake": 0.06296774767569199
    },
    "overtake_proxy": {
      "w_trail": 1.289772150899732,
      "w_rounds_left": 0.28766194718800275,
      "w_is_last": 1.2822693268169658
    },
    "fitness_penalty": {
      "seat_variance_weight": 0.34101090592098
    }
  }
}