{
  "meta": {
    "generation": 51,
    "timestamp": "20250813_025610",
    "eval_seed": 93,
    "fitness": {
      "median": 12.0,
      "win_rate": 0.04,
      "max_score": 135,
      "min_score": 0,
      "bust_rate": 0.5368,
      "mean": 12.362,
      "sd": 16.99326207648196
    }
  },
  "genome": {
    "forbidden": {
      "w_stats": 2.090971599590746,
      "w_match": -0.7194450966297605,
      "w_random": -2.7605472874075354,
      "w_anti": -1.379039742520152,
      "prefer_info_if_tied": 0.5418295729114935,
      "gate_last_seat_boost_stats": 0.32978615319430804,
      "gate_trailing_boost_stats": -0.22996315414874235,
      "trail_threshold": 9.185899161561817
    },
    "draw_policy": {
      "min_target_plus": 4,
      "min_target_times": 2,
      "min_target_last_seat": 1,
      "min_target_r5_bump": 1,
      "plus_scale_base": 0.8814274530619179,
      "times_scale_base": 0.7422045007985286,
      "w_scale_lead": -0.10007850719323308,
      "w_scale_trail": -0.019764426909999612,
      "w_scale_is_last": -0.2,
      "w_scale_round_weight": 0.09672449342144789,
      "w_scale_suit_skew": 0.1927465492109488,
      "jitter": 0.03243819830501094,
      "push_times_to3_if_p_bust_below": 0.35632268796756056,
      "push_times_to4_if_p_bust_below": 0.1759634540814566,
      "push_plus_to4_if_p_bust_below": 0.2681059924070595,
      "brake_if_large_lead_r5": 9.464734796215437,
      "brake_scale_r5": 0.3490595716157314,
      "bank5_bias_plus": 0.30732087968901556,
      "bank5_bias_times": 0.6227162832703261,
      "w_scale_overtake": -0.050513058186630135
    },
    "ops_policy": {
      "x_prob_s_le2": 0.527134892084884,
      "x_prob_s_3_4": 0.9,
      "x_prob_s_ge5": 0.42725189560873245,
      "w_xprob_trail": 0.3,
      "w_xprob_lead": -0.13315934727704393,
      "w_xprob_is_last": -0.011586846736318865,
      "w_xprob_round": -0.285577443095055,
      "x_repeat_s_le3": 0.4532972151699276,
      "x_repeat_s_4_5": 0.350693676871337,
      "x_repeat_s_ge6": 0.44846007686193057,
      "w_xrep_trail": -0.29575363058214266,
      "w_xrep_lead": 0.17722083045234333,
      "w_xrep_round": 0.2966520823768207,
      "w_xprob_overtake": -0.08693746265279699,
      "w_xrep_overtake": 0.173039556280947
    },
    "overtake_proxy": {
      "w_trail": 1.0050595395905857,
      "w_rounds_left": 0.13452221412478665,
      "w_is_last": 1.479950226939407
    },
    "fitness_penalty": {
      "seat_variance_weight": 0.12497075533110619
    }
  }
}