{
  "meta": {
    "generation": 14,
    "timestamp": "20250813_021934",
    "eval_seed": 56,
    "fitness": {
      "median": 0.0,
      "win_rate": 0.056,
      "max_score": 0,
      "min_score": 0,
      "bust_rate": 0.7472,
      "mean": 7.868,
      "sd": 6.236551611267239
    }
  },
  "genome": {
    "forbidden": {
      "w_stats": 1.129227613965691,
      "w_match": -1.0103962540306475,
      "w_random": 0.21908431983419607,
      "w_anti": -0.2933177983259482,
      "prefer_info_if_tied": 0.17402347764047846,
      "gate_last_seat_boost_stats": 0.48975037672012134,
      "gate_trailing_boost_stats": -0.439132779968487,
      "trail_threshold": 2.026928838765578
    },
    "draw_policy": {
      "min_target_plus": 6,
      "min_target_times": 4,
      "min_target_last_seat": 1,
      "min_target_r5_bump": 1,
      "plus_scale_base": 1.1755455209176473,
      "times_scale_base": 0.8186361052621935,
      "w_scale_lead": 0.03774679610312307,
      "w_scale_trail": -0.023858789087980385,
      "w_scale_is_last": -0.02755894935055671,
      "w_scale_round_weight": -0.001646986201999233,
      "w_scale_suit_skew": 0.11587984002127569,
      "jitter": 0.03191947465543804,
      "push_times_to3_if_p_bust_below": 0.22716435149661696,
      "push_times_to4_if_p_bust_below": 0.18227662699582128,
      "push_plus_to4_if_p_bust_below": 0.14466037866504322,
      "brake_if_large_lead_r5": 7.91458292101322,
      "brake_scale_r5": 0.04026723967091346,
      "bank5_bias_plus": 0.32875339946860144,
      "bank5_bias_times": 0.11087005342943915,
      "w_scale_overtake": 0.0986189966049264
    },
    "ops_policy": {
      "x_prob_s_le2": 0.27826351474025107,
      "x_prob_s_3_4": 0.51868531194452,
      "x_prob_s_ge5": 0.6103590799745959,
      "w_xprob_trail": 0.16528231213535388,
      "w_xprob_lead": 0.05283049048090632,
      "w_xprob_is_last": 0.1077421739680878,
      "w_xprob_round": -0.0599629062036088,
      "x_repeat_s_le3": 0.10602262947946509,
      "x_repeat_s_4_5": 0.42881541595522493,
      "x_repeat_s_ge6": 0.2637380365409543,
      "w_xrep_trail": 0.0593518294992004,
      "w_xrep_lead": 0.1464458463444922,
      "w_xrep_round": 0.03266567267269188,
      "w_xprob_overtake": 0.19349952656052652,
      "w_xrep_overtake": 0.12176294161815045
    },
    "overtake_proxy": {
      "w_trail": 0.5045149684774637,
      "w_rounds_left": 0.5676636153107586,
      "w_is_last": 0.2315888398246762
    },
    "fitness_penalty": {
      "seat_variance_weight": 0.07368872750774698
    }
  }
}