{
  "meta": {
    "generation": 13,
    "timestamp": "20250813_020306",
    "eval_seed": 55,
    "fitness": {
      "median": 0.0,
      "win_rate": 0.056,
      "max_score": 0,
      "min_score": 0,
      "bust_rate": 0.6852,
      "mean": 8.308,
      "sd": 5.431494821869943
    }
  },
  "genome": {
    "forbidden": {
      "w_stats": -0.6680604913200707,
      "w_match": 1.353255232382125,
      "w_random": -2.601300209959811,
      "w_anti": -0.2807419958088616,
      "prefer_info_if_tied": 0.7198240550999836,
      "gate_last_seat_boost_stats": 0.4206446061711652,
      "gate_trailing_boost_stats": 0.8995687135961938,
      "trail_threshold": 5.315058793394317
    },
    "draw_policy": {
      "min_target_plus": 5,
      "min_target_times": 4,
      "min_target_last_seat": -1,
      "min_target_r5_bump": 2,
      "plus_scale_base": 1.0629531003204928,
      "times_scale_base": 1.0211956917386984,
      "w_scale_lead": -0.052141115729910856,
      "w_scale_trail": 0.002098373839133135,
      "w_scale_is_last": -0.07700792669331691,
      "w_scale_round_weight": 0.021882817879298664,
      "w_scale_suit_skew": -0.00869252205883216,
      "jitter": 0.03940161800258775,
      "push_times_to3_if_p_bust_below": 0.38078094710257215,
      "push_times_to4_if_p_bust_below": 0.2377479685202536,
      "push_plus_to4_if_p_bust_below": 0.16705869664180778,
      "brake_if_large_lead_r5": 6.942493476357441,
      "brake_scale_r5": 0.2784840956354974,
      "bank5_bias_plus": 0.24462963943719812,
      "bank5_bias_times": 0.23177123439707675,
      "w_scale_overtake": 0.08220104815591757
    },
    "ops_policy": {
      "x_prob_s_le2": 0.21678583224000447,
      "x_prob_s_3_4": 0.5258624904317911,
      "x_prob_s_ge5": 0.403991750619043,
      "w_xprob_trail": 0.16540092725366728,
      "w_xprob_lead": -0.010672689003309269,
      "w_xprob_is_last": 0.1756647459469855,
      "w_xprob_round": 0.1409618963014505,
      "x_repeat_s_le3": 0.10092268405453654,
      "x_repeat_s_4_5": 0.0,
      "x_repeat_s_ge6": 0.24039511220188137,
      "w_xrep_trail": 0.3,
      "w_xrep_lead": -0.027444360154857458,
      "w_xrep_round": 0.02554907758388294,
      "w_xprob_overtake": 0.05788887202268822,
      "w_xrep_overtake": -0.3
    },
    "overtake_proxy": {
      "w_trail": 0.7422621302544465,
      "w_rounds_left": 0.7932645981001819,
      "w_is_last": 0.1501825201755308
    },
    "fitness_penalty": {
      "seat_variance_weight": 0.11181680644040165
    }
  }
}