{
  "meta": {
    "generation": 11,
    "timestamp": "20250813_054139",
    "eval_seed": 42,
    "bot_id": "904657e2c50e0991",
    "fitness": {
      "median": 0.0,
      "win_rate": 0.035333333333333335,
      "max_score": 960,
      "min_score": 0,
      "bust_rate": 0.6634666666666666,
      "mean": 24.068666666666665,
      "sd": 94.26262577619097,
      "q1": null,
      "q3": null,
      "median_observed": null
    }
  },
  "genome": {
    "forbidden": {
      "w_stats": 1.0701893007805507,
      "w_match": 0.41153529415623036,
      "w_random": 0.22326361141971313,
      "w_anti": -1.1634581728676852,
      "prefer_info_if_tied": 0.5620839775533047,
      "gate_last_seat_boost_stats": 0.022620087514161516,
      "gate_trailing_boost_stats": 0.36298998335724764,
      "trail_threshold": 1.6082550741038675
    },
    "draw_policy": {
      "min_target_plus": 4,
      "min_target_times": 3,
      "min_target_last_seat": 0,
      "min_target_r5_bump": 1,
      "plus_scale_base": 1.3777507143664416,
      "times_scale_base": 0.8720518262049709,
      "w_scale_lead": 0.007182138688368313,
      "w_scale_trail": 0.009693070661507677,
      "w_scale_is_last": -0.034939871415358856,
      "w_scale_round_weight": -0.02691848434178573,
      "w_scale_suit_skew": 0.1524182087683628,
      "jitter": 0.021132900364587405,
      "push_times_to3_if_p_bust_below": 0.32356572296826236,
      "push_times_to4_if_p_bust_below": 0.1364324238872176,
      "push_plus_to4_if_p_bust_below": 0.13159052826016332,
      "brake_if_large_lead_r5": 7.137304867939371,
      "brake_scale_r5": 0.14466982365492664,
      "bank5_bias_plus": 0.39709991612145357,
      "bank5_bias_times": 0.12738285352333428,
      "w_scale_overtake": 0.08853410349699398
    },
    "ops_policy": {
      "x_prob_s_le2": 0.4179228017098964,
      "x_prob_s_3_4": 0.556203571232389,
      "x_prob_s_ge5": 0.9095649842857514,
      "w_xprob_trail": 0.1231722505716456,
      "w_xprob_lead": -0.03243694613379864,
      "w_xprob_is_last": 0.08728506169213737,
      "w_xprob_round": -0.10119114196122811,
      "x_repeat_s_le3": 0.774299213909027,
      "x_repeat_s_4_5": 0.9,
      "x_repeat_s_ge6": 0.20210885093349573,
      "w_xrep_trail": 0.122382219677501,
      "w_xrep_lead": -0.10020752893370319,
      "w_xrep_round": -0.07818132685988406,
      "w_xprob_overtake": 0.08212884517362588,
      "w_xrep_overtake": 0.04404925741625533
    },
    "overtake_proxy": {
      "w_trail": 0.6579966643213122,
      "w_rounds_left": 0.4558886293974021,
      "w_is_last": 0.5545050949982074
    },
    "fitness_penalty": {
      "seat_variance_weight": 0.09555556350843272
    }
  }
}