{
  "meta": {
    "generation": 38,
    "timestamp": "20250812_232734",
    "eval_seed": 80,
    "fitness": {
      "median": 12.0,
      "win_rate": 0.03,
      "max_score": 324,
      "min_score": 0,
      "bust_rate": 0.5076,
      "mean": 14.004,
      "sd": 28.08786186237749
    }
  },
  "genome": {
    "forbidden": {
      "w_stats": 1.5844046197087434,
      "w_match": 1.1529122108708714,
      "w_random": -2.5873481596585624,
      "w_anti": 0.38937823790221904,
      "prefer_info_if_tied": 0.3744726361465296,
      "gate_last_seat_boost_stats": 0.40472169222063326,
      "gate_trailing_boost_stats": 0.10138413095515687,
      "trail_threshold": 3.392884637016981
    },
    "draw_policy": {
      "min_target_plus": 4,
      "min_target_times": 2,
      "min_target_last_seat": -1,
      "min_target_r5_bump": 0,
      "plus_scale_base": 0.7800101528243168,
      "times_scale_base": 0.5747772737759151,
      "w_scale_lead": -0.16221638848954414,
      "w_scale_trail": -0.0666071402765972,
      "w_scale_is_last": 0.007254964110710909,
      "w_scale_round_weight": -0.02929291393392692,
      "w_scale_suit_skew": 0.09521853675457939,
      "jitter": 0.02705288358042653,
      "push_times_to3_if_p_bust_below": 0.33474653565684437,
      "push_times_to4_if_p_bust_below": 0.12470979847451803,
      "push_plus_to4_if_p_bust_below": 0.05,
      "brake_if_large_lead_r5": 8.669357290267843,
      "brake_scale_r5": 0.17107219831008605,
      "bank5_bias_plus": 0.36575377368391593,
      "bank5_bias_times": 0.349738149078724,
      "w_scale_overtake": 0.012839336776399405
    },
    "ops_policy": {
      "x_prob_s_le2": 0.4187167588454781,
      "x_prob_s_3_4": 0.8633265360136829,
      "x_prob_s_ge5": 0.5956943234568051,
      "w_xprob_trail": 0.2095624647886017,
      "w_xprob_lead": 0.20737106685402995,
      "w_xprob_is_last": -0.025069072460906894,
      "w_xprob_round": -0.04873720757628869,
      "x_repeat_s_le3": 0.05790982363835028,
      "x_repeat_s_4_5": 0.2772194005339897,
      "x_repeat_s_ge6": 0.3297591415569796,
      "w_xrep_trail": 0.14974677539362558,
      "w_xrep_lead": -0.05696214852882259,
      "w_xrep_round": -0.005172389302913607,
      "w_xprob_overtake": 0.19830154638289144,
      "w_xrep_overtake": -0.10088343214204216
    },
    "overtake_proxy": {
      "w_trail": 0.3297770971918032,
      "w_rounds_left": 0.4400885878877472,
      "w_is_last": 0.30261523949500013
    },
    "fitness_penalty": {
      "seat_variance_weight": 0.10519917517017287
    }
  }
}