{
  "meta": {
    "generation": 21,
    "timestamp": "20250813_023353",
    "eval_seed": 63,
    "fitness": {
      "median": 0.0,
      "win_rate": 0.058,
      "max_score": 0,
      "min_score": 0,
      "bust_rate": 0.5812,
      "mean": 28.56,
      "sd": 91.1385011946104
    }
  },
  "genome": {
    "forbidden": {
      "w_stats": 1.0800193552884647,
      "w_match": 1.555774961004713,
      "w_random": -1.3380664530343824,
      "w_anti": -0.9063399744315915,
      "prefer_info_if_tied": 0.6201409089827428,
      "gate_last_seat_boost_stats": 0.11633330664271962,
      "gate_trailing_boost_stats": 1.1443925994071822,
      "trail_threshold": 6.286297996496582
    },
    "draw_policy": {
      "min_target_plus": 5,
      "min_target_times": 3,
      "min_target_last_seat": 0,
      "min_target_r5_bump": 0,
      "plus_scale_base": 0.7010868837627051,
      "times_scale_base": 0.8130748377605601,
      "w_scale_lead": 0.16312558536795202,
      "w_scale_trail": -0.11395584402992526,
      "w_scale_is_last": -0.034682504007123346,
      "w_scale_round_weight": 0.0445604275240027,
      "w_scale_suit_skew": -0.11410670483822877,
      "jitter": 0.023178216414521238,
      "push_times_to3_if_p_bust_below": 0.4364861752811656,
      "push_times_to4_if_p_bust_below": 0.17687150827898834,
      "push_plus_to4_if_p_bust_below": 0.35380908055078486,
      "brake_if_large_lead_r5": 10.141363978298092,
      "brake_scale_r5": 0.15630875577883702,
      "bank5_bias_plus": 0.14207222678772763,
      "bank5_bias_times": 0.5416041533087723,
      "w_scale_overtake": 0.1924533286404314
    },
    "ops_policy": {
      "x_prob_s_le2": 0.3288370741120963,
      "x_prob_s_3_4": 0.4323362814603493,
      "x_prob_s_ge5": 0.95,
      "w_xprob_trail": 0.20213047110448817,
      "w_xprob_lead": -0.007823236382651054,
      "w_xprob_is_last": -0.10835393021753376,
      "w_xprob_round": -0.12321298242575693,
      "x_repeat_s_le3": 0.3043228146542497,
      "x_repeat_s_4_5": 0.8892524054036897,
      "x_repeat_s_ge6": 0.08075019111052988,
      "w_xrep_trail": 0.20444121649484295,
      "w_xrep_lead": -0.08628806531083928,
      "w_xrep_round": -0.20754425235417562,
      "w_xprob_overtake": 0.16126879745075998,
      "w_xrep_overtake": 0.21024277802022776
    },
    "overtake_proxy": {
      "w_trail": 1.048084123887333,
      "w_rounds_left": 0.4907945748423042,
      "w_is_last": 0.183795477067381
    },
    "fitness_penalty": {
      "seat_variance_weight": 0.30814713182043757
    }
  }
}