{
  "meta": {
    "generation": 10,
    "timestamp": "20250812_233745",
    "eval_seed": 52,
    "fitness": {
      "median": 0.0,
      "win_rate": 0.034,
      "max_score": 0,
      "min_score": 0,
      "bust_rate": 0.4868,
      "mean": 21.974,
      "sd": 60.218014945695444
    }
  },
  "genome": {
    "forbidden": {
      "w_stats": 0.4235487800377923,
      "w_match": 0.018920259733330447,
      "w_random": 0.27420847279169336,
      "w_anti": -0.2562544088539247,
      "prefer_info_if_tied": 0.43215647631073795,
      "gate_last_seat_boost_stats": 0.7873849797357245,
      "gate_trailing_boost_stats": 0.9101662827762926,
      "trail_threshold": 2.7339463599650617
    },
    "draw_policy": {
      "min_target_plus": 3,
      "min_target_times": 3,
      "min_target_last_seat": -1,
      "min_target_r5_bump": 0,
      "plus_scale_base": 1.1000688382848265,
      "times_scale_base": 0.7977432110990713,
      "w_scale_lead": 0.08549329082336439,
      "w_scale_trail": -0.0629488561712707,
      "w_scale_is_last": -0.015503791222420923,
      "w_scale_round_weight": 0.006277610774218875,
      "w_scale_suit_skew": 0.016152286805446434,
      "jitter": 0.02912270507858302,
      "push_times_to3_if_p_bust_below": 0.37993840706661736,
      "push_times_to4_if_p_bust_below": 0.14286248895760098,
      "push_plus_to4_if_p_bust_below": 0.16066254597180807,
      "brake_if_large_lead_r5": 6.649976244019469,
      "brake_scale_r5": 0.1399964905466649,
      "bank5_bias_plus": 0.337507161386009,
      "bank5_bias_times": 0.4714765916286283,
      "w_scale_overtake": 0.049333917913979224
    },
    "ops_policy": {
      "x_prob_s_le2": 0.6494818662585229,
      "x_prob_s_3_4": 0.6972336510288193,
      "x_prob_s_ge5": 0.43521471861830113,
      "w_xprob_trail": 0.07611375645202652,
      "w_xprob_lead": 0.10454479533159174,
      "w_xprob_is_last": -0.053466919394115145,
      "w_xprob_round": 0.12895609428748925,
      "x_repeat_s_le3": 0.09687850183226145,
      "x_repeat_s_4_5": 0.8492760485355526,
      "x_repeat_s_ge6": 0.5721999971865385,
      "w_xrep_trail": -0.017595906313283984,
      "w_xrep_lead": -0.0726237396954189,
      "w_xrep_round": -0.13003536846829278,
      "w_xprob_overtake": 0.13324037594941562,
      "w_xrep_overtake": -0.0372245073930307
    },
    "overtake_proxy": {
      "w_trail": 0.3426239609077185,
      "w_rounds_left": 0.605262690542647,
      "w_is_last": 0.3316266751737893
    },
    "fitness_penalty": {
      "seat_variance_weight": 0.08682980534801903
    }
  }
}