{
  "meta": {
    "generation": 26,
    "timestamp": "20250812_232129",
    "eval_seed": 68,
    "fitness": {
      "median": 12.0,
      "win_rate": 0.032,
      "max_score": 112,
      "min_score": 0,
      "bust_rate": 0.5204,
      "mean": 11.52,
      "sd": 15.568994829467957
    }
  },
  "genome": {
    "forbidden": {
      "w_stats": -0.5317994508605697,
      "w_match": 1.4024818353677884,
      "w_random": -1.1432204324689152,
      "w_anti": -1.8522827850278958,
      "prefer_info_if_tied": 0.40445672279935985,
      "gate_last_seat_boost_stats": 0.5510280718747309,
      "gate_trailing_boost_stats": 0.05762844474757561,
      "trail_threshold": 3.165963727371599
    },
    "draw_policy": {
      "min_target_plus": 4,
      "min_target_times": 3,
      "min_target_last_seat": 0,
      "min_target_r5_bump": 0,
      "plus_scale_base": 0.8497464953987127,
      "times_scale_base": 0.6995618036852561,
      "w_scale_lead": 0.05825616627292386,
      "w_scale_trail": -0.009050683209600598,
      "w_scale_is_last": -0.08351792303296844,
      "w_scale_round_weight": 0.019872214992437152,
      "w_scale_suit_skew": 0.07654281513150757,
      "jitter": 0.03384597994135276,
      "push_times_to3_if_p_bust_below": 0.3352014457615161,
      "push_times_to4_if_p_bust_below": 0.12379403653026907,
      "push_plus_to4_if_p_bust_below": 0.09583459422103688,
      "brake_if_large_lead_r5": 2.994340641925546,
      "brake_scale_r5": 0.15079634093544675,
      "bank5_bias_plus": 0.32933595463373755,
      "bank5_bias_times": 0.3861384565479177,
      "w_scale_overtake": 0.11422399035816967
    },
    "ops_policy": {
      "x_prob_s_le2": 0.4234573167191442,
      "x_prob_s_3_4": 0.9,
      "x_prob_s_ge5": 0.5357986146905436,
      "w_xprob_trail": 0.14404924080108755,
      "w_xprob_lead": 0.02185024696772353,
      "w_xprob_is_last": 0.008717473961999664,
      "w_xprob_round": -0.11660652464963481,
      "x_repeat_s_le3": 0.10069261660197615,
      "x_repeat_s_4_5": 0.24375465695667037,
      "x_repeat_s_ge6": 0.29884653479375056,
      "w_xrep_trail": 0.050766551978579044,
      "w_xrep_lead": -0.0827639106477472,
      "w_xrep_round": 0.0821740738462001,
      "w_xprob_overtake": 0.18712727154941336,
      "w_xrep_overtake": -0.14222352276006361
    },
    "overtake_proxy": {
      "w_trail": 0.3443757855501412,
      "w_rounds_left": 0.044331298269355994,
      "w_is_last": 0.2732442742689808
    },
    "fitness_penalty": {
      "seat_variance_weight": 0.06794640256472373
    }
  }
}