{
  "meta": {
    "generation": 5,
    "timestamp": "20250813_024445",
    "eval_seed": 47,
    "fitness": {
      "median": 9.0,
      "win_rate": 0.036,
      "max_score": 81,
      "min_score": 0,
      "bust_rate": 0.436,
      "mean": 10.19,
      "sd": 9.962625156051994
    }
  },
  "genome": {
    "forbidden": {
      "w_stats": 1.4238420183218399,
      "w_match": -0.614063586474267,
      "w_random": -1.1414237531432812,
      "w_anti": 0.0,
      "prefer_info_if_tied": 0.7029962670682552,
      "gate_last_seat_boost_stats": -0.24518906735040247,
      "gate_trailing_boost_stats": 0.6816950380584699,
      "trail_threshold": 3.5634824512776664
    },
    "draw_policy": {
      "min_target_plus": 3,
      "min_target_times": 2,
      "min_target_last_seat": 0,
      "min_target_r5_bump": 1,
      "plus_scale_base": 0.7388269467482173,
      "times_scale_base": 0.8837148623118665,
      "w_scale_lead": 0.006276410854763867,
      "w_scale_trail": -0.09245211339555556,
      "w_scale_is_last": -0.08040363349818523,
      "w_scale_round_weight": -0.03132977759871183,
      "w_scale_suit_skew": 0.05244513452190294,
      "jitter": 0.028706500015602668,
      "push_times_to3_if_p_bust_below": 0.34816398250186165,
      "push_times_to4_if_p_bust_below": 0.05,
      "push_plus_to4_if_p_bust_below": 0.1329268022744262,
      "brake_if_large_lead_r5": 6.378814003691891,
      "brake_scale_r5": 0.12262844560164651,
      "bank5_bias_plus": 0.20790956144484996,
      "bank5_bias_times": 0.1309448507200155,
      "w_scale_overtake": -0.0845417959168831
    },
    "ops_policy": {
      "x_prob_s_le2": 0.43166769427006707,
      "x_prob_s_3_4": 0.6217357557709201,
      "x_prob_s_ge5": 0.48674995119947206,
      "w_xprob_trail": 0.18276444728296387,
      "w_xprob_lead": 0.10233094994763609,
      "w_xprob_is_last": 0.07955994992195536,
      "w_xprob_round": -0.08372051682849213,
      "x_repeat_s_le3": 0.024840370319950525,
      "x_repeat_s_4_5": 0.27368552545698244,
      "x_repeat_s_ge6": 0.5491986081193523,
      "w_xrep_trail": 0.04049857837272608,
      "w_xrep_lead": 0.1507285691679058,
      "w_xrep_round": -0.09521224384967791,
      "w_xprob_overtake": 0.10761079846887438,
      "w_xrep_overtake": 0.05
    },
    "overtake_proxy": {
      "w_trail": 0.9444366653321006,
      "w_rounds_left": 0.22505424620858147,
      "w_is_last": 0.134744283533218
    },
    "fitness_penalty": {
      "seat_variance_weight": 0.0873160380064763
    }
  }
}