{
  "meta": {
    "generation": 9,
    "timestamp": "20250813_030141",
    "eval_seed": 51,
    "fitness": {
      "median": 5.0,
      "win_rate": 0.062,
      "max_score": 185,
      "min_score": 0,
      "bust_rate": 0.6116,
      "mean": 13.112,
      "sd": 23.652641628367856
    }
  },
  "genome": {
    "forbidden": {
      "w_stats": 1.194058059961119,
      "w_match": 0.6951396556702093,
      "w_random": -0.7633353888683756,
      "w_anti": -0.8996652416703921,
      "prefer_info_if_tied": 0.5847358429947722,
      "gate_last_seat_boost_stats": 0.6839722091031599,
      "gate_trailing_boost_stats": -0.4560088185866056,
      "trail_threshold": 6.739792237405844
    },
    "draw_policy": {
      "min_target_plus": 5,
      "min_target_times": 3,
      "min_target_last_seat": 0,
      "min_target_r5_bump": 0,
      "plus_scale_base": 0.8912148357088788,
      "times_scale_base": 0.8300022852492244,
      "w_scale_lead": -0.027645192652326504,
      "w_scale_trail": -0.10004444285551446,
      "w_scale_is_last": 0.020529438708134583,
      "w_scale_round_weight": 0.08236705503985942,
      "w_scale_suit_skew": 0.005578144852626468,
      "jitter": 0.020991161172572746,
      "push_times_to3_if_p_bust_below": 0.3194361492882641,
      "push_times_to4_if_p_bust_below": 0.16351284956810375,
      "push_plus_to4_if_p_bust_below": 0.1777777835422095,
      "brake_if_large_lead_r5": 7.5919128012256625,
      "brake_scale_r5": 0.1439016685428518,
      "bank5_bias_plus": 0.21346878553440185,
      "bank5_bias_times": 0.4641373840197625,
      "w_scale_overtake": 0.059021333624989736
    },
    "ops_policy": {
      "x_prob_s_le2": 0.2239765578460367,
      "x_prob_s_3_4": 0.598287513054532,
      "x_prob_s_ge5": 0.6580947932830441,
      "w_xprob_trail": 0.060353750641671186,
      "w_xprob_lead": -0.2688664224171662,
      "w_xprob_is_last": -0.0114829871486136,
      "w_xprob_round": -0.03491010274636474,
      "x_repeat_s_le3": 0.04820528382698956,
      "x_repeat_s_4_5": 0.47407406309147304,
      "x_repeat_s_ge6": 0.13471871917675954,
      "w_xrep_trail": 0.09566991287521735,
      "w_xrep_lead": 0.01715308620544735,
      "w_xrep_round": 0.02402736819213537,
      "w_xprob_overtake": -0.005366912099959292,
      "w_xrep_overtake": 0.0875072618302152
    },
    "overtake_proxy": {
      "w_trail": 0.3484185314891337,
      "w_rounds_left": 0.0808921333344363,
      "w_is_last": 0.15001761072780248
    },
    "fitness_penalty": {
      "seat_variance_weight": 0.0
    }
  }
}