{
  "meta": {
    "generation": 15,
    "timestamp": "20250813_015916",
    "eval_seed": 57,
    "fitness": {
      "median": 0.0,
      "win_rate": 0.062,
      "max_score": 0,
      "min_score": 0,
      "bust_rate": 0.6804,
      "mean": 8.412,
      "sd": 5.953675839344967
    }
  },
  "genome": {
    "forbidden": {
      "w_stats": 2.7883091217703853,
      "w_match": 0.17128871891664454,
      "w_random": 0.4123334505576269,
      "w_anti": 0.5922567555535796,
      "prefer_info_if_tied": 0.4757719225434457,
      "gate_last_seat_boost_stats": 0.4178808903018062,
      "gate_trailing_boost_stats": 0.370244927708979,
      "trail_threshold": 3.3679396378786146
    },
    "draw_policy": {
      "min_target_plus": 5,
      "min_target_times": 4,
      "min_target_last_seat": 1,
      "min_target_r5_bump": 0,
      "plus_scale_base": 1.1432514306744643,
      "times_scale_base": 1.0057014639416286,
      "w_scale_lead": 0.0010899985977879272,
      "w_scale_trail": 0.06234645766184329,
      "w_scale_is_last": -0.1153773240489092,
      "w_scale_round_weight": 0.05265760360137246,
      "w_scale_suit_skew": 0.06216343370519998,
      "jitter": 0.045350783123254926,
      "push_times_to3_if_p_bust_below": 0.2586550964244031,
      "push_times_to4_if_p_bust_below": 0.1274225526613931,
      "push_plus_to4_if_p_bust_below": 0.11933997742357963,
      "brake_if_large_lead_r5": 11.325203300203885,
      "brake_scale_r5": 0.13111590879604101,
      "bank5_bias_plus": 0.22280489667860973,
      "bank5_bias_times": 0.14640260439519284,
      "w_scale_overtake": 0.11477880722889736
    },
    "ops_policy": {
      "x_prob_s_le2": 0.24099936258561372,
      "x_prob_s_3_4": 0.3650163281308196,
      "x_prob_s_ge5": 0.6372193140113642,
      "w_xprob_trail": 0.06329508336709558,
      "w_xprob_lead": 0.024578742256515507,
      "w_xprob_is_last": 0.0763337775242202,
      "w_xprob_round": 0.037985201381371014,
      "x_repeat_s_le3": 0.18043387197746769,
      "x_repeat_s_4_5": 0.09791709138044402,
      "x_repeat_s_ge6": 0.25328756042806244,
      "w_xrep_trail": 0.04194979928415992,
      "w_xrep_lead": 0.0024146503471439073,
      "w_xrep_round": -0.04576838155536797,
      "w_xprob_overtake": 0.11119833422892514,
      "w_xrep_overtake": -0.07080197205298996
    },
    "overtake_proxy": {
      "w_trail": 0.6070593528737043,
      "w_rounds_left": 0.0,
      "w_is_last": 0.26112611388275886
    },
    "fitness_penalty": {
      "seat_variance_weight": 0.03148328730032547
    }
  }
}