{
  "meta": {
    "generation": 13,
    "timestamp": "20250813_021926",
    "eval_seed": 55,
    "fitness": {
      "median": 0.0,
      "win_rate": 0.048,
      "max_score": 0,
      "min_score": 0,
      "bust_rate": 0.7592,
      "mean": 7.458,
      "sd": 5.963911132805384
    }
  },
  "genome": {
    "forbidden": {
      "w_stats": 1.5395942229070916,
      "w_match": -1.538471041036411,
      "w_random": 0.27643918480556884,
      "w_anti": -0.16274775635380254,
      "prefer_info_if_tied": 0.3247758634195008,
      "gate_last_seat_boost_stats": 0.22071327023880954,
      "gate_trailing_boost_stats": -0.49682442928646586,
      "trail_threshold": 3.9037348386106654
    },
    "draw_policy": {
      "min_target_plus": 6,
      "min_target_times": 3,
      "min_target_last_seat": 1,
      "min_target_r5_bump": 1,
      "plus_scale_base": 1.1397719081461573,
      "times_scale_base": 0.7460676624778222,
      "w_scale_lead": 0.03643406801597318,
      "w_scale_trail": -0.03782385801518269,
      "w_scale_is_last": -0.02183029349671231,
      "w_scale_round_weight": -0.012810840517646348,
      "w_scale_suit_skew": 0.03384567178788862,
      "jitter": 0.02745277087009123,
      "push_times_to3_if_p_bust_below": 0.19133874053705227,
      "push_times_to4_if_p_bust_below": 0.18154746461665722,
      "push_plus_to4_if_p_bust_below": 0.1443473039558496,
      "brake_if_large_lead_r5": 6.787668191241833,
      "brake_scale_r5": 0.16219325411770255,
      "bank5_bias_plus": 0.2991969762633215,
      "bank5_bias_times": 0.09864751443803471,
      "w_scale_overtake": 0.07444674353316764
    },
    "ops_policy": {
      "x_prob_s_le2": 0.2289778976844103,
      "x_prob_s_3_4": 0.49963295898239324,
      "x_prob_s_ge5": 0.62,
      "w_xprob_trail": 0.2003537556656003,
      "w_xprob_lead": -0.06140873952778242,
      "w_xprob_is_last": -0.0014389810501932235,
      "w_xprob_round": -0.10323243418418115,
      "x_repeat_s_le3": 0.11895509612857479,
      "x_repeat_s_4_5": 0.3989711951485023,
      "x_repeat_s_ge6": 0.3119397501771159,
      "w_xrep_trail": 0.07876345718876074,
      "w_xrep_lead": 0.09087943768744092,
      "w_xrep_round": 0.08863267176680764,
      "w_xprob_overtake": 0.18219682587301933,
      "w_xrep_overtake": 0.2740550870459383
    },
    "overtake_proxy": {
      "w_trail": 0.527647960506407,
      "w_rounds_left": 0.9052341856312599,
      "w_is_last": 0.16093754761118997
    },
    "fitness_penalty": {
      "seat_variance_weight": 0.02179010116847526
    }
  }
}