{
  "meta": {
    "generation": 30,
    "timestamp": "20250813_023557",
    "eval_seed": 72,
    "fitness": {
      "median": 0.0,
      "win_rate": 0.056,
      "max_score": 0,
      "min_score": 0,
      "bust_rate": 0.5712,
      "mean": 35.91,
      "sd": 111.56756652360936
    }
  },
  "genome": {
    "forbidden": {
      "w_stats": 1.3236521472434344,
      "w_match": 1.7939203460012034,
      "w_random": -0.8706565677034783,
      "w_anti": 0.558488310487613,
      "prefer_info_if_tied": 0.15600580812551357,
      "gate_last_seat_boost_stats": 0.29730920691770896,
      "gate_trailing_boost_stats": 0.40111963319011174,
      "trail_threshold": 6.426759502339063
    },
    "draw_policy": {
      "min_target_plus": 5,
      "min_target_times": 3,
      "min_target_last_seat": 0,
      "min_target_r5_bump": 0,
      "plus_scale_base": 0.6990142451998741,
      "times_scale_base": 0.8043839352042883,
      "w_scale_lead": 0.0698310097989494,
      "w_scale_trail": -0.11315064145605574,
      "w_scale_is_last": 0.09647631245358523,
      "w_scale_round_weight": 0.058712459313269474,
      "w_scale_suit_skew": -0.186421796327399,
      "jitter": 0.029519383746298755,
      "push_times_to3_if_p_bust_below": 0.3403292593645944,
      "push_times_to4_if_p_bust_below": 0.184606469746234,
      "push_plus_to4_if_p_bust_below": 0.2683929541321075,
      "brake_if_large_lead_r5": 11.46321351965251,
      "brake_scale_r5": 0.03854152417859735,
      "bank5_bias_plus": 0.11713121818360489,
      "bank5_bias_times": 0.48697026520578074,
      "w_scale_overtake": 0.2
    },
    "ops_policy": {
      "x_prob_s_le2": 0.1233501513200842,
      "x_prob_s_3_4": 0.44873616929836513,
      "x_prob_s_ge5": 0.9398750147659247,
      "w_xprob_trail": 0.17188922207760177,
      "w_xprob_lead": -0.06854011146294359,
      "w_xprob_is_last": -0.12151710326247486,
      "w_xprob_round": -0.16064670789555238,
      "x_repeat_s_le3": 0.3329882503466789,
      "x_repeat_s_4_5": 0.9,
      "x_repeat_s_ge6": 0.3234142207831048,
      "w_xrep_trail": 0.10634208572078852,
      "w_xrep_lead": -0.23436596527570425,
      "w_xrep_round": -0.16226359985446911,
      "w_xprob_overtake": 0.07752776140914484,
      "w_xrep_overtake": 0.07522799300722983
    },
    "overtake_proxy": {
      "w_trail": 0.8272593905568413,
      "w_rounds_left": 0.25163106404710356,
      "w_is_last": 0.07987411915214192
    },
    "fitness_penalty": {
      "seat_variance_weight": 0.33073046714084753
    }
  }
}