{
  "meta": {
    "generation": 10,
    "timestamp": "20250813_015838",
    "eval_seed": 52,
    "fitness": {
      "median": 0.0,
      "win_rate": 0.054,
      "max_score": 0,
      "min_score": 0,
      "bust_rate": 0.7512,
      "mean": 7.506,
      "sd": 5.861225469131861
    }
  },
  "genome": {
    "forbidden": {
      "w_stats": 1.3110795444791803,
      "w_match": 0.17853236291901273,
      "w_random": 0.39655846128502314,
      "w_anti": 0.5611193666363871,
      "prefer_info_if_tied": 0.7070424416268504,
      "gate_last_seat_boost_stats": 0.2972552344856545,
      "gate_trailing_boost_stats": 0.20379059520872045,
      "trail_threshold": 4.591490368513945
    },
    "draw_policy": {
      "min_target_plus": 6,
      "min_target_times": 2,
      "min_target_last_seat": 1,
      "min_target_r5_bump": 0,
      "plus_scale_base": 1.064889741798925,
      "times_scale_base": 0.865376910269742,
      "w_scale_lead": 0.08343522514483724,
      "w_scale_trail": -0.0757466423750977,
      "w_scale_is_last": -0.1438453064740386,
      "w_scale_round_weight": 0.04234707431209457,
      "w_scale_suit_skew": 0.0833042471821073,
      "jitter": 0.05257748535653753,
      "push_times_to3_if_p_bust_below": 0.12021559100966088,
      "push_times_to4_if_p_bust_below": 0.18456915499343832,
      "push_plus_to4_if_p_bust_below": 0.15872579034885098,
      "brake_if_large_lead_r5": 4.6592085042447575,
      "brake_scale_r5": 0.17678362002257594,
      "bank5_bias_plus": 0.19629840196799417,
      "bank5_bias_times": 0.1835827515045711,
      "w_scale_overtake": 0.1755913037373093
    },
    "ops_policy": {
      "x_prob_s_le2": 0.3333034101018875,
      "x_prob_s_3_4": 0.4034767379357144,
      "x_prob_s_ge5": 0.49361440199863493,
      "w_xprob_trail": 0.08631651689016502,
      "w_xprob_lead": 0.05613879428661808,
      "w_xprob_is_last": 0.14269141210990016,
      "w_xprob_round": -0.09399629761390654,
      "x_repeat_s_le3": 0.32518446283497515,
      "x_repeat_s_4_5": 0.14716495417977649,
      "x_repeat_s_ge6": 0.21078532858947527,
      "w_xrep_trail": 0.053760334893242445,
      "w_xrep_lead": 0.08589612673243481,
      "w_xrep_round": -0.11720628905519251,
      "w_xprob_overtake": 0.10016202760560605,
      "w_xrep_overtake": -0.1000056595413095
    },
    "overtake_proxy": {
      "w_trail": 0.9219121778005491,
      "w_rounds_left": 0.28899477774899973,
      "w_is_last": 0.22312076961443295
    },
    "fitness_penalty": {
      "seat_variance_weight": 0.03287532105188508
    }
  }
}