{
  "meta": {
    "generation": 6,
    "timestamp": "20250813_023032",
    "eval_seed": 48,
    "fitness": {
      "median": 0.0,
      "win_rate": 0.052,
      "max_score": 0,
      "min_score": 0,
      "bust_rate": 0.61,
      "mean": 21.08,
      "sd": 68.62822742866086
    }
  },
  "genome": {
    "forbidden": {
      "w_stats": 2.368662255802694,
      "w_match": 1.5290490804180772,
      "w_random": 0.46805383984693777,
      "w_anti": -0.8859760069288982,
      "prefer_info_if_tied": 0.5711992539971402,
      "gate_last_seat_boost_stats": 0.021000058461860177,
      "gate_trailing_boost_stats": 0.8676852627417415,
      "trail_threshold": 2.5313972974826764
    },
    "draw_policy": {
      "min_target_plus": 5,
      "min_target_times": 3,
      "min_target_last_seat": 0,
      "min_target_r5_bump": 0,
      "plus_scale_base": 0.9487836402825632,
      "times_scale_base": 0.8142261354835603,
      "w_scale_lead": 0.07570062973313327,
      "w_scale_trail": -0.03308997065289816,
      "w_scale_is_last": -0.014410692097378826,
      "w_scale_round_weight": 0.02869576617232851,
      "w_scale_suit_skew": 0.032112178632567205,
      "jitter": 0.025497565059370224,
      "push_times_to3_if_p_bust_below": 0.3865485709628568,
      "push_times_to4_if_p_bust_below": 0.17080918924575314,
      "push_plus_to4_if_p_bust_below": 0.14214515001363903,
      "brake_if_large_lead_r5": 5.292331746451109,
      "brake_scale_r5": 0.15010278426564522,
      "bank5_bias_plus": 0.34302405235719324,
      "bank5_bias_times": 0.09625229212207312,
      "w_scale_overtake": 0.06939065209842846
    },
    "ops_policy": {
      "x_prob_s_le2": 0.218940914444334,
      "x_prob_s_3_4": 0.4310641723658817,
      "x_prob_s_ge5": 0.662024935062582,
      "w_xprob_trail": 0.04122988026139435,
      "w_xprob_lead": -0.29170435220919405,
      "w_xprob_is_last": 0.055829143921688765,
      "w_xprob_round": -0.18392891154648067,
      "x_repeat_s_le3": 0.14740478123336612,
      "x_repeat_s_4_5": 0.9,
      "x_repeat_s_ge6": 0.37458670607958544,
      "w_xrep_trail": 0.11519655945204346,
      "w_xrep_lead": 0.05114916585719915,
      "w_xrep_round": -0.11255178515593664,
      "w_xprob_overtake": 0.2464529588287647,
      "w_xrep_overtake": 0.12042870188172819
    },
    "overtake_proxy": {
      "w_trail": 0.6609829101182698,
      "w_rounds_left": 0.4588047685145537,
      "w_is_last": 0.12362514814973452
    },
    "fitness_penalty": {
      "seat_variance_weight": 0.06987192885798327
    }
  }
}