{
  "meta": {
    "generation": 22,
    "timestamp": "20250813_020021",
    "eval_seed": 64,
    "fitness": {
      "median": 0.0,
      "win_rate": 0.044,
      "max_score": 0,
      "min_score": 0,
      "bust_rate": 0.6728,
      "mean": 8.488,
      "sd": 5.319948871934767
    }
  },
  "genome": {
    "forbidden": {
      "w_stats": 1.9769908903742306,
      "w_match": -2.3874500234859237,
      "w_random": -1.777315017215272,
      "w_anti": -1.27982224188388,
      "prefer_info_if_tied": 0.6001925047747476,
      "gate_last_seat_boost_stats": 0.5626263916077747,
      "gate_trailing_boost_stats": -0.004695036427413143,
      "trail_threshold": 2.6130204225369207
    },
    "draw_policy": {
      "min_target_plus": 5,
      "min_target_times": 3,
      "min_target_last_seat": 1,
      "min_target_r5_bump": 1,
      "plus_scale_base": 0.7769465845190348,
      "times_scale_base": 1.1634359974845445,
      "w_scale_lead": 0.031297223108357496,
      "w_scale_trail": 0.021483366302499793,
      "w_scale_is_last": -0.2,
      "w_scale_round_weight": 0.055270783952870106,
      "w_scale_suit_skew": -0.012903641458012802,
      "jitter": 0.05993189305937447,
      "push_times_to3_if_p_bust_below": 0.2000621035527711,
      "push_times_to4_if_p_bust_below": 0.058431811943062156,
      "push_plus_to4_if_p_bust_below": 0.10888361722361772,
      "brake_if_large_lead_r5": 2.8353358778818896,
      "brake_scale_r5": 0.19317154264435152,
      "bank5_bias_plus": 0.14306065128725365,
      "bank5_bias_times": 0.26470830283449254,
      "w_scale_overtake": 0.14636106581000785
    },
    "ops_policy": {
      "x_prob_s_le2": 0.26264246706954325,
      "x_prob_s_3_4": 0.3162515647146697,
      "x_prob_s_ge5": 0.5278401792261223,
      "w_xprob_trail": 0.0948472249425849,
      "w_xprob_lead": 0.12716251052732946,
      "w_xprob_is_last": 0.12504540381322046,
      "w_xprob_round": -0.13757060216823247,
      "x_repeat_s_le3": 0.19634920987226495,
      "x_repeat_s_4_5": 0.07842201294357017,
      "x_repeat_s_ge6": 0.1052731174822571,
      "w_xrep_trail": 0.2550285930634166,
      "w_xrep_lead": 0.03098949130901697,
      "w_xrep_round": -0.11236124039405149,
      "w_xprob_overtake": 0.040361443065664304,
      "w_xrep_overtake": 0.003871273410725618
    },
    "overtake_proxy": {
      "w_trail": 0.14891262229093716,
      "w_rounds_left": 0.150907721124884,
      "w_is_last": 0.04436854057195464
    },
    "fitness_penalty": {
      "seat_variance_weight": 0.02554802698578112
    }
  }
}