{
  "meta": {
    "generation": 5,
    "timestamp": "20250813_053514",
    "eval_seed": 42,
    "bot_id": "f103dcc1bf96f1f7",
    "fitness": {
      "median": 4.0,
      "win_rate": 0.038,
      "max_score": 1764,
      "min_score": 0,
      "bust_rate": 0.6365333333333333,
      "mean": 25.859333333333332,
      "sd": 101.761830825162,
      "q1": null,
      "q3": null,
      "median_observed": null
    }
  },
  "genome": {
    "forbidden": {
      "w_stats": 0.5851638709951372,
      "w_match": 1.5922610513759654,
      "w_random": 0.9990296944094961,
      "w_anti": 0.15131181815967085,
      "prefer_info_if_tied": 0.5,
      "gate_last_seat_boost_stats": -0.6432700297658969,
      "gate_trailing_boost_stats": 0.578190729227344,
      "trail_threshold": 3.0
    },
    "draw_policy": {
      "min_target_plus": 3,
      "min_target_times": 3,
      "min_target_last_seat": 0,
      "min_target_r5_bump": -1,
      "plus_scale_base": 1.4,
      "times_scale_base": 0.8847389013918469,
      "w_scale_lead": 0.03685949718310498,
      "w_scale_trail": -0.00854995934856385,
      "w_scale_is_last": 0.06763773945313925,
      "w_scale_round_weight": -0.016017465366573662,
      "w_scale_suit_skew": 0.151140811147643,
      "jitter": 0.026498559494919683,
      "push_times_to3_if_p_bust_below": 0.3224619832413537,
      "push_times_to4_if_p_bust_below": 0.1031458817848731,
      "push_plus_to4_if_p_bust_below": 0.13899705135981583,
      "brake_if_large_lead_r5": 1.4494460419375033,
      "brake_scale_r5": 0.13342995076186887,
      "bank5_bias_plus": 0.4346040709235223,
      "bank5_bias_times": 0.15,
      "w_scale_overtake": 0.01695677511498182
    },
    "ops_policy": {
      "x_prob_s_le2": 0.37707960364332627,
      "x_prob_s_3_4": 0.5503962461408307,
      "x_prob_s_ge5": 0.8698175835724211,
      "w_xprob_trail": 0.161023367856569,
      "w_xprob_lead": -0.005324762762902863,
      "w_xprob_is_last": 0.1123940657085798,
      "w_xprob_round": 0.01657650291161844,
      "x_repeat_s_le3": 0.3980955054477592,
      "x_repeat_s_4_5": 0.8973142166654876,
      "x_repeat_s_ge6": 0.26693015102648154,
      "w_xrep_trail": 0.08,
      "w_xrep_lead": -0.050640225936327506,
      "w_xrep_round": 0.05005252295239197,
      "w_xprob_overtake": 0.08,
      "w_xrep_overtake": -0.0639267861815074
    },
    "overtake_proxy": {
      "w_trail": 0.32049681443425626,
      "w_rounds_left": 0.39358327530287607,
      "w_is_last": 0.0
    },
    "fitness_penalty": {
      "seat_variance_weight": 0.05025756052597091
    }
  }
}