{
  "meta": {
    "generation": 32,
    "timestamp": "20250813_025117",
    "eval_seed": 74,
    "fitness": {
      "median": 12.0,
      "win_rate": 0.044,
      "max_score": 135,
      "min_score": 0,
      "bust_rate": 0.5228,
      "mean": 14.33,
      "sd": 19.221683068867826
    }
  },
  "genome": {
    "forbidden": {
      "w_stats": 2.9179622638142964,
      "w_match": -0.46057047705357845,
      "w_random": -1.9973739402638802,
      "w_anti": -0.46893042312060806,
      "prefer_info_if_tied": 0.8064310738595755,
      "gate_last_seat_boost_stats": 0.824935149763194,
      "gate_trailing_boost_stats": 0.359366141772834,
      "trail_threshold": 11.107328826069109
    },
    "draw_policy": {
      "min_target_plus": 4,
      "min_target_times": 2,
      "min_target_last_seat": 1,
      "min_target_r5_bump": 1,
      "plus_scale_base": 0.5,
      "times_scale_base": 0.7003015768799608,
      "w_scale_lead": 0.015536831789416151,
      "w_scale_trail": -0.03205384765210441,
      "w_scale_is_last": -0.18918043077493285,
      "w_scale_round_weight": 0.07046770850538368,
      "w_scale_suit_skew": 0.006367719370480834,
      "jitter": 0.04155136680939022,
      "push_times_to3_if_p_bust_below": 0.3774318708295995,
      "push_times_to4_if_p_bust_below": 0.09465418204091756,
      "push_plus_to4_if_p_bust_below": 0.17385417505482212,
      "brake_if_large_lead_r5": 5.314704048167265,
      "brake_scale_r5": 0.32539437742439375,
      "bank5_bias_plus": 0.06854888863786257,
      "bank5_bias_times": 0.4673766721421117,
      "w_scale_overtake": 0.008323882571323018
    },
    "ops_policy": {
      "x_prob_s_le2": 0.7225725430835073,
      "x_prob_s_3_4": 0.9,
      "x_prob_s_ge5": 0.5712104591098761,
      "w_xprob_trail": 0.1802760038699457,
      "w_xprob_lead": -0.04808166615601505,
      "w_xprob_is_last": -0.09482636163050974,
      "w_xprob_round": -0.1622810200614915,
      "x_repeat_s_le3": 0.3485725032415103,
      "x_repeat_s_4_5": 0.31099016312452993,
      "x_repeat_s_ge6": 0.7829500902757831,
      "w_xrep_trail": -0.07590130911569598,
      "w_xrep_lead": 0.15553514989279807,
      "w_xrep_round": 0.16906626113924267,
      "w_xprob_overtake": 0.06755623463846795,
      "w_xrep_overtake": 0.08420385504837666
    },
    "overtake_proxy": {
      "w_trail": 0.9894748114074084,
      "w_rounds_left": 0.16636376813665105,
      "w_is_last": 1.0840082488958724
    },
    "fitness_penalty": {
      "seat_variance_weight": 0.23876500785125923
    }
  }
}