{
  "meta": {
    "generation": 53,
    "timestamp": "20250813_025641",
    "eval_seed": 95,
    "fitness": {
      "median": 12.0,
      "win_rate": 0.042,
      "max_score": 113,
      "min_score": 0,
      "bust_rate": 0.518,
      "mean": 13.504,
      "sd": 18.35859428169815
    }
  },
  "genome": {
    "forbidden": {
      "w_stats": 3.0,
      "w_match": 0.13136463446968116,
      "w_random": -2.8655731195470127,
      "w_anti": -2.1107984481669098,
      "prefer_info_if_tied": 0.6536586317736468,
      "gate_last_seat_boost_stats": 0.15666977695296744,
      "gate_trailing_boost_stats": 0.37705826856877456,
      "trail_threshold": 6.551806041794725
    },
    "draw_policy": {
      "min_target_plus": 4,
      "min_target_times": 2,
      "min_target_last_seat": 1,
      "min_target_r5_bump": 1,
      "plus_scale_base": 0.8596588127289841,
      "times_scale_base": 0.6947289319593561,
      "w_scale_lead": -0.06931510259067697,
      "w_scale_trail": 0.10833128116426076,
      "w_scale_is_last": -0.17459372531775666,
      "w_scale_round_weight": 0.0696683365050055,
      "w_scale_suit_skew": 0.15057921899416976,
      "jitter": 0.013998744156627252,
      "push_times_to3_if_p_bust_below": 0.4037440845152178,
      "push_times_to4_if_p_bust_below": 0.11791843053944877,
      "push_plus_to4_if_p_bust_below": 0.2580087922751281,
      "brake_if_large_lead_r5": 8.569464296048263,
      "brake_scale_r5": 0.2897401498262271,
      "bank5_bias_plus": 0.44897712115300914,
      "bank5_bias_times": 0.8086878106849138,
      "w_scale_overtake": -0.008323742319893218
    },
    "ops_policy": {
      "x_prob_s_le2": 0.5907750178333482,
      "x_prob_s_3_4": 0.9,
      "x_prob_s_ge5": 0.6764647699683455,
      "w_xprob_trail": 0.2906815117816717,
      "w_xprob_lead": -0.13469872594325238,
      "w_xprob_is_last": -0.0371799433601616,
      "w_xprob_round": -0.3,
      "x_repeat_s_le3": 0.4122088282023598,
      "x_repeat_s_4_5": 0.36101449552214127,
      "x_repeat_s_ge6": 0.5022923302113276,
      "w_xrep_trail": -0.1913985639901165,
      "w_xrep_lead": 0.11823476156093748,
      "w_xrep_round": 0.23976536564672762,
      "w_xprob_overtake": -0.09634378604032375,
      "w_xrep_overtake": 0.2126443692089558
    },
    "overtake_proxy": {
      "w_trail": 0.9246040600661953,
      "w_rounds_left": 0.3499994027493628,
      "w_is_last": 1.3886012736665316
    },
    "fitness_penalty": {
      "seat_variance_weight": 0.11553788092374312
    }
  }
}