{
  "meta": {
    "generation": 5,
    "timestamp": "20250813_020512",
    "eval_seed": 47,
    "fitness": {
      "median": 0.0,
      "win_rate": 0.056,
      "max_score": 0,
      "min_score": 0,
      "bust_rate": 0.6488,
      "mean": 8.24,
      "sd": 5.2671054669524136
    }
  },
  "genome": {
    "forbidden": {
      "w_stats": 0.36592796995212407,
      "w_match": -1.4152824961612755,
      "w_random": 1.1868999174218056,
      "w_anti": -0.0014686918169556481,
      "prefer_info_if_tied": 0.2836663094196183,
      "gate_last_seat_boost_stats": 0.04516271568242575,
      "gate_trailing_boost_stats": -0.14545972936585405,
      "trail_threshold": 2.4096006133232626
    },
    "draw_policy": {
      "min_target_plus": 2,
      "min_target_times": 4,
      "min_target_last_seat": 0,
      "min_target_r5_bump": 0,
      "plus_scale_base": 1.2549729576775936,
      "times_scale_base": 0.8499999999999999,
      "w_scale_lead": -0.04737616862928772,
      "w_scale_trail": -0.02687318757189657,
      "w_scale_is_last": -0.017704146703207566,
      "w_scale_round_weight": -0.02342937614278831,
      "w_scale_suit_skew": 0.0961686339613891,
      "jitter": 0.02593383623380375,
      "push_times_to3_if_p_bust_below": 0.3330211030296523,
      "push_times_to4_if_p_bust_below": 0.15000000000000002,
      "push_plus_to4_if_p_bust_below": 0.11193619740184167,
      "brake_if_large_lead_r5": 2.791177014586819,
      "brake_scale_r5": 0.05809087599535598,
      "bank5_bias_plus": 0.13101682706597828,
      "bank5_bias_times": 0.2832731730329604,
      "w_scale_overtake": 0.05
    },
    "ops_policy": {
      "x_prob_s_le2": 0.30000000000000004,
      "x_prob_s_3_4": 0.4019203520987339,
      "x_prob_s_ge5": 0.3287626485169192,
      "w_xprob_trail": -0.05699776621269182,
      "w_xprob_lead": -0.05145887012351076,
      "w_xprob_is_last": 0.05,
      "w_xprob_round": 0.07497962504091835,
      "x_repeat_s_le3": 0.0,
      "x_repeat_s_4_5": 0.17661020522890972,
      "x_repeat_s_ge6": 0.21339884025392758,
      "w_xrep_trail": 0.005027035561362213,
      "w_xrep_lead": -0.17759704025954054,
      "w_xrep_round": 0.12370787795565602,
      "w_xprob_overtake": 0.029433600035170968,
      "w_xrep_overtake": -0.17247290486907466
    },
    "overtake_proxy": {
      "w_trail": 0.5272175832530974,
      "w_rounds_left": 0.10000956928936666,
      "w_is_last": 0.7469339070558741
    },
    "fitness_penalty": {
      "seat_variance_weight": 0.10078031364308809
    }
  }
}