{
  "meta": {
    "generation": 3,
    "timestamp": "20250813_015718",
    "eval_seed": 45,
    "fitness": {
      "median": 0.0,
      "win_rate": 0.056,
      "max_score": 0,
      "min_score": 0,
      "bust_rate": 0.742,
      "mean": 7.776,
      "sd": 5.984799411843308
    }
  },
  "genome": {
    "forbidden": {
      "w_stats": 1.0,
      "w_match": -0.5496134591453363,
      "w_random": 0.24049595952103864,
      "w_anti": -0.4258863200837939,
      "prefer_info_if_tied": 0.5,
      "gate_last_seat_boost_stats": 0.12581761846011405,
      "gate_trailing_boost_stats": 0.18284503396233426,
      "trail_threshold": 3.2619150221995605
    },
    "draw_policy": {
      "min_target_plus": 6,
      "min_target_times": 3,
      "min_target_last_seat": 1,
      "min_target_r5_bump": 0,
      "plus_scale_base": 1.1075792853177018,
      "times_scale_base": 1.062476487601485,
      "w_scale_lead": 0.05995135152260907,
      "w_scale_trail": 0.03233306122236696,
      "w_scale_is_last": -0.14163867332163962,
      "w_scale_round_weight": 0.018304128777233194,
      "w_scale_suit_skew": 0.13833972859128757,
      "jitter": 0.037149589952778186,
      "push_times_to3_if_p_bust_below": 0.35767835768512646,
      "push_times_to4_if_p_bust_below": 0.16555497964701213,
      "push_plus_to4_if_p_bust_below": 0.1638055072472649,
      "brake_if_large_lead_r5": 6.612500934237389,
      "brake_scale_r5": 0.20158618317503327,
      "bank5_bias_plus": 0.18306826112680702,
      "bank5_bias_times": 0.18141582122387195,
      "w_scale_overtake": -0.08242454433528204
    },
    "ops_policy": {
      "x_prob_s_le2": 0.30000000000000004,
      "x_prob_s_3_4": 0.3457785714241621,
      "x_prob_s_ge5": 0.5309296064649522,
      "w_xprob_trail": 0.1,
      "w_xprob_lead": -0.11562231894238123,
      "w_xprob_is_last": -0.05312475395197393,
      "w_xprob_round": -0.2282220738128815,
      "x_repeat_s_le3": 0.0950946447581396,
      "x_repeat_s_4_5": 0.08512122437718112,
      "x_repeat_s_ge6": 0.3,
      "w_xrep_trail": 0.08729709822338597,
      "w_xrep_lead": 0.10570267617919485,
      "w_xrep_round": 0.015419722311098668,
      "w_xprob_overtake": 0.1321025482588743,
      "w_xrep_overtake": -0.16088452719145516
    },
    "overtake_proxy": {
      "w_trail": 0.7446181027380566,
      "w_rounds_left": 0.2350016446540284,
      "w_is_last": 0.049976542048094916
    },
    "fitness_penalty": {
      "seat_variance_weight": 0.05
    }
  }
}