{
  "meta": {
    "generation": 4,
    "timestamp": "20250813_020151",
    "eval_seed": 46,
    "fitness": {
      "median": 0.0,
      "win_rate": 0.056,
      "max_score": 0,
      "min_score": 0,
      "bust_rate": 0.6,
      "mean": 8.56,
      "sd": 4.806495604908008
    }
  },
  "genome": {
    "forbidden": {
      "w_stats": 0.33099629491496707,
      "w_match": 1.391222112685651,
      "w_random": -1.2615134848243048,
      "w_anti": -0.27750554234087355,
      "prefer_info_if_tied": 0.4607752634444935,
      "gate_last_seat_boost_stats": 0.9360788545708816,
      "gate_trailing_boost_stats": 1.097917175122522,
      "trail_threshold": 2.3907948292151717
    },
    "draw_policy": {
      "min_target_plus": 4,
      "min_target_times": 5,
      "min_target_last_seat": 0,
      "min_target_r5_bump": 2,
      "plus_scale_base": 1.0286343304649528,
      "times_scale_base": 0.7324463572463378,
      "w_scale_lead": 0.03436258099444255,
      "w_scale_trail": 0.028763430682380332,
      "w_scale_is_last": -0.014763683970073592,
      "w_scale_round_weight": 0.0017160557694861547,
      "w_scale_suit_skew": 0.04271604356746709,
      "jitter": 0.01879657379894567,
      "push_times_to3_if_p_bust_below": 0.3571389383050575,
      "push_times_to4_if_p_bust_below": 0.18157024918893097,
      "push_plus_to4_if_p_bust_below": 0.2047573326824325,
      "brake_if_large_lead_r5": 6.501066852274635,
      "brake_scale_r5": 0.22875367940475444,
      "bank5_bias_plus": 0.22365969141471037,
      "bank5_bias_times": 0.033941816154607056,
      "w_scale_overtake": 0.02061174547679661
    },
    "ops_policy": {
      "x_prob_s_le2": 0.23831132044756229,
      "x_prob_s_3_4": 0.5543381399466574,
      "x_prob_s_ge5": 0.4710121555621417,
      "w_xprob_trail": 0.060257537892711516,
      "w_xprob_lead": -0.08635438152357272,
      "w_xprob_is_last": 0.10905355573105975,
      "w_xprob_round": 0.07679328159217025,
      "x_repeat_s_le3": 0.13216832640582363,
      "x_repeat_s_4_5": 0.20755038119417396,
      "x_repeat_s_ge6": 0.23436512652153363,
      "w_xrep_trail": 0.11096708946298925,
      "w_xrep_lead": -0.13015514214552287,
      "w_xrep_round": 0.0946307747995036,
      "w_xprob_overtake": 0.13969266198288233,
      "w_xrep_overtake": -0.1325838742755358
    },
    "overtake_proxy": {
      "w_trail": 0.6553327959860407,
      "w_rounds_left": 0.08642109312522038,
      "w_is_last": 0.010733531700526997
    },
    "fitness_penalty": {
      "seat_variance_weight": 0.07220088037176678
    }
  }
}