{
  "meta": {
    "generation": 23,
    "timestamp": "20250813_022045",
    "eval_seed": 65,
    "fitness": {
      "median": 0.0,
      "win_rate": 0.056,
      "max_score": 0,
      "min_score": 0,
      "bust_rate": 0.76,
      "mean": 7.308,
      "sd": 6.2454091939599925
    }
  },
  "genome": {
    "forbidden": {
      "w_stats": 1.9856296918726004,
      "w_match": -2.735386757055066,
      "w_random": -0.006704096586502173,
      "w_anti": -0.5604790871224155,
      "prefer_info_if_tied": 0.24219974129934535,
      "gate_last_seat_boost_stats": -0.16803589940101082,
      "gate_trailing_boost_stats": 0.14174823497346117,
      "trail_threshold": 3.225536578234636
    },
    "draw_policy": {
      "min_target_plus": 6,
      "min_target_times": 3,
      "min_target_last_seat": -1,
      "min_target_r5_bump": 1,
      "plus_scale_base": 1.0918282253939455,
      "times_scale_base": 0.7995541271969924,
      "w_scale_lead": -0.030050236687386433,
      "w_scale_trail": 0.033289759704763895,
      "w_scale_is_last": -0.09461439581965359,
      "w_scale_round_weight": -0.013879397625901454,
      "w_scale_suit_skew": 0.05271362179536372,
      "jitter": 0.03438326309155768,
      "push_times_to3_if_p_bust_below": 0.17722345219336927,
      "push_times_to4_if_p_bust_below": 0.1582638082622043,
      "push_plus_to4_if_p_bust_below": 0.10117592811285642,
      "brake_if_large_lead_r5": 8.469522489799578,
      "brake_scale_r5": 0.06755918674868637,
      "bank5_bias_plus": 0.3133470867368069,
      "bank5_bias_times": 0.14167765779459307,
      "w_scale_overtake": 0.059127478512652785
    },
    "ops_policy": {
      "x_prob_s_le2": 0.27344407828117984,
      "x_prob_s_3_4": 0.47407610292999813,
      "x_prob_s_ge5": 0.6276898717923219,
      "w_xprob_trail": 0.1639947902855471,
      "w_xprob_lead": 0.010651925386947841,
      "w_xprob_is_last": -0.07864535735395466,
      "w_xprob_round": -0.04126448325823648,
      "x_repeat_s_le3": 0.10719335247848066,
      "x_repeat_s_4_5": 0.24594310321000512,
      "x_repeat_s_ge6": 0.4317104949873932,
      "w_xrep_trail": 0.18206511272343456,
      "w_xrep_lead": 0.23760450292002233,
      "w_xrep_round": 0.14758870521499193,
      "w_xprob_overtake": 0.23018508317674835,
      "w_xrep_overtake": 0.09803985243724367
    },
    "overtake_proxy": {
      "w_trail": 0.25504983758436295,
      "w_rounds_left": 0.7806125842156054,
      "w_is_last": 0.23457286450558704
    },
    "fitness_penalty": {
      "seat_variance_weight": 0.10257096995903628
    }
  }
}