{
  "meta": {
    "generation": 21,
    "timestamp": "20250813_020013",
    "eval_seed": 63,
    "fitness": {
      "median": 0.0,
      "win_rate": 0.05,
      "max_score": 0,
      "min_score": 0,
      "bust_rate": 0.6564,
      "mean": 8.684,
      "sd": 5.234514686195847
    }
  },
  "genome": {
    "forbidden": {
      "w_stats": 3.0,
      "w_match": -1.820790477996423,
      "w_random": -1.6349664757474036,
      "w_anti": -0.4883057892545617,
      "prefer_info_if_tied": 0.7139096819364559,
      "gate_last_seat_boost_stats": 0.33850288443143867,
      "gate_trailing_boost_stats": -0.3179347059180586,
      "trail_threshold": 2.9045683821398365
    },
    "draw_policy": {
      "min_target_plus": 5,
      "min_target_times": 3,
      "min_target_last_seat": 1,
      "min_target_r5_bump": 0,
      "plus_scale_base": 0.96201440939828,
      "times_scale_base": 1.2419535873842904,
      "w_scale_lead": 0.02659477678492903,
      "w_scale_trail": 0.0509493202754176,
      "w_scale_is_last": -0.1512625401967802,
      "w_scale_round_weight": 0.021863498224813017,
      "w_scale_suit_skew": -0.14609522310502987,
      "jitter": 0.043704278787808436,
      "push_times_to3_if_p_bust_below": 0.22333963007361998,
      "push_times_to4_if_p_bust_below": 0.06320095856272424,
      "push_plus_to4_if_p_bust_below": 0.14556413267946228,
      "brake_if_large_lead_r5": 2.9251426389615154,
      "brake_scale_r5": 0.2120959380440957,
      "bank5_bias_plus": 0.2686715018378831,
      "bank5_bias_times": 0.2421067455360498,
      "w_scale_overtake": 0.10390908034966097
    },
    "ops_policy": {
      "x_prob_s_le2": 0.25218792698596715,
      "x_prob_s_3_4": 0.4178490337325479,
      "x_prob_s_ge5": 0.6613280163401646,
      "w_xprob_trail": 0.09489160405226371,
      "w_xprob_lead": 0.12722622485173374,
      "w_xprob_is_last": 0.0718002478521528,
      "w_xprob_round": -0.05543455874064199,
      "x_repeat_s_le3": 0.19713757000976267,
      "x_repeat_s_4_5": 0.16933849061017758,
      "x_repeat_s_ge6": 0.14852216102648175,
      "w_xrep_trail": 0.2479790860331485,
      "w_xrep_lead": 0.03110128023584377,
      "w_xrep_round": -0.09243559758447409,
      "w_xprob_overtake": 0.1079199077993423,
      "w_xrep_overtake": -0.02323231000659266
    },
    "overtake_proxy": {
      "w_trail": 0.38320441727752375,
      "w_rounds_left": 0.06258542155033214,
      "w_is_last": 0.043965680086767385
    },
    "fitness_penalty": {
      "seat_variance_weight": 0.026387353216530286
    }
  }
}