{
  "meta": {
    "generation": 30,
    "timestamp": "20250813_033115",
    "eval_seed": 72,
    "fitness": {
      "median": 3.0,
      "win_rate": 0.07,
      "max_score": 324,
      "min_score": 0,
      "bust_rate": 0.4881333333333333,
      "mean": 22.531333333333333,
      "sd": 59.394879281709876
    }
  },
  "genome": {
    "forbidden": {
      "w_stats": 2.30790273106628,
      "w_match": -0.9704122797156334,
      "w_random": -2.0141556242213294,
      "w_anti": -0.413671411655719,
      "prefer_info_if_tied": 0.6356413185467804,
      "gate_last_seat_boost_stats": -0.4370725590217097,
      "gate_trailing_boost_stats": 0.4098704245849767,
      "trail_threshold": 0.0070593440689661335
    },
    "draw_policy": {
      "min_target_plus": 4,
      "min_target_times": 2,
      "min_target_last_seat": 0,
      "min_target_r5_bump": -1,
      "plus_scale_base": 0.9293518764032477,
      "times_scale_base": 0.7451895268717594,
      "w_scale_lead": -0.0347455540915349,
      "w_scale_trail": -0.1463349526088437,
      "w_scale_is_last": 0.03943458971793776,
      "w_scale_round_weight": -0.03919630739057198,
      "w_scale_suit_skew": -0.026602702215916933,
      "jitter": 0.015161503541675739,
      "push_times_to3_if_p_bust_below": 0.3904539663369727,
      "push_times_to4_if_p_bust_below": 0.06079025503683983,
      "push_plus_to4_if_p_bust_below": 0.12382803506705825,
      "brake_if_large_lead_r5": 5.067038657841784,
      "brake_scale_r5": 0.32824546719416575,
      "bank5_bias_plus": 0.34827390040922623,
      "bank5_bias_times": 0.6284208860274066,
      "w_scale_overtake": 0.011786725882512245
    },
    "ops_policy": {
      "x_prob_s_le2": 0.5358288741130224,
      "x_prob_s_3_4": 0.882869302803728,
      "x_prob_s_ge5": 0.2794740644270439,
      "w_xprob_trail": 0.1790944325162243,
      "w_xprob_lead": 0.07635943746876474,
      "w_xprob_is_last": -0.014919492162375519,
      "w_xprob_round": -0.07058037281145886,
      "x_repeat_s_le3": 0.08675510661136485,
      "x_repeat_s_4_5": 0.8511391626502818,
      "x_repeat_s_ge6": 0.42395383125916536,
      "w_xrep_trail": 0.07969143731275506,
      "w_xrep_lead": 0.005847444728055052,
      "w_xrep_round": 0.07819410926779066,
      "w_xprob_overtake": 0.06264635581251574,
      "w_xrep_overtake": 0.08027401341733313
    },
    "overtake_proxy": {
      "w_trail": 0.8196981650147309,
      "w_rounds_left": 0.27880164628430937,
      "w_is_last": 0.6999770718072804
    },
    "fitness_penalty": {
      "seat_variance_weight": 0.1547990421127046
    }
  }
}