{
  "meta": {
    "generation": 33,
    "timestamp": "20250813_025137",
    "eval_seed": 75,
    "fitness": {
      "median": 12.0,
      "win_rate": 0.042,
      "max_score": 324,
      "min_score": 0,
      "bust_rate": 0.5176,
      "mean": 14.108,
      "sd": 22.286415952323964
    }
  },
  "genome": {
    "forbidden": {
      "w_stats": 2.600842803430486,
      "w_match": -0.9069399620768301,
      "w_random": -2.7624792648305125,
      "w_anti": -0.6039555593890109,
      "prefer_info_if_tied": 0.8603293617538679,
      "gate_last_seat_boost_stats": 0.19878196377095897,
      "gate_trailing_boost_stats": 0.16628753406327557,
      "trail_threshold": 10.35052075099677
    },
    "draw_policy": {
      "min_target_plus": 4,
      "min_target_times": 2,
      "min_target_last_seat": 1,
      "min_target_r5_bump": 1,
      "plus_scale_base": 0.7429265652976151,
      "times_scale_base": 0.6610012374589943,
      "w_scale_lead": -0.008657334513257928,
      "w_scale_trail": 0.0003742461649817834,
      "w_scale_is_last": -0.10591634152763799,
      "w_scale_round_weight": 0.07799336691205454,
      "w_scale_suit_skew": 0.1808110472590567,
      "jitter": 0.03911429103102504,
      "push_times_to3_if_p_bust_below": 0.4149862984643541,
      "push_times_to4_if_p_bust_below": 0.1604962575202482,
      "push_plus_to4_if_p_bust_below": 0.1888157032506449,
      "brake_if_large_lead_r5": 5.85732170440234,
      "brake_scale_r5": 0.2696366841715267,
      "bank5_bias_plus": 0.1287225397211389,
      "bank5_bias_times": 0.47042550536817557,
      "w_scale_overtake": -0.017440253517248136
    },
    "ops_policy": {
      "x_prob_s_le2": 0.7049594139109268,
      "x_prob_s_3_4": 0.9,
      "x_prob_s_ge5": 0.5461971957270931,
      "w_xprob_trail": 0.19566077545481644,
      "w_xprob_lead": -0.021911147330711235,
      "w_xprob_is_last": -0.11406978176288425,
      "w_xprob_round": -0.12353816313425026,
      "x_repeat_s_le3": 0.38452948219186905,
      "x_repeat_s_4_5": 0.38054018310339205,
      "x_repeat_s_ge6": 0.7163628191189142,
      "w_xrep_trail": -0.07127015935826178,
      "w_xrep_lead": 0.07993985219932781,
      "w_xrep_round": 0.17068823645189724,
      "w_xprob_overtake": -0.012856281069005203,
      "w_xrep_overtake": 0.07583476750467785
    },
    "overtake_proxy": {
      "w_trail": 1.0969795522106955,
      "w_rounds_left": 0.18847241266571513,
      "w_is_last": 1.35670571736614
    },
    "fitness_penalty": {
      "seat_variance_weight": 0.26605638536157095
    }
  }
}