{
  "meta": {
    "generation": 20,
    "timestamp": "20250813_020005",
    "eval_seed": 62,
    "fitness": {
      "median": 0.0,
      "win_rate": 0.062,
      "max_score": 0,
      "min_score": 0,
      "bust_rate": 0.744,
      "mean": 7.936,
      "sd": 6.056723866910229
    }
  },
  "genome": {
    "forbidden": {
      "w_stats": 2.854024228452076,
      "w_match": -0.9166495552407073,
      "w_random": -1.9495243022296358,
      "w_anti": -0.9067018543468511,
      "prefer_info_if_tied": 0.6039142400813766,
      "gate_last_seat_boost_stats": 0.19193719119077923,
      "gate_trailing_boost_stats": 0.46518559847802304,
      "trail_threshold": 3.490065216457082
    },
    "draw_policy": {
      "min_target_plus": 6,
      "min_target_times": 3,
      "min_target_last_seat": 1,
      "min_target_r5_bump": 1,
      "plus_scale_base": 1.0100704936585345,
      "times_scale_base": 1.1043242096950185,
      "w_scale_lead": 0.016391017023761174,
      "w_scale_trail": -0.04420992715783868,
      "w_scale_is_last": -0.12881902457045594,
      "w_scale_round_weight": 0.08297557902072153,
      "w_scale_suit_skew": 0.1674402283953036,
      "jitter": 0.04098686912057025,
      "push_times_to3_if_p_bust_below": 0.3021243071742834,
      "push_times_to4_if_p_bust_below": 0.145550924660283,
      "push_plus_to4_if_p_bust_below": 0.15399944482750422,
      "brake_if_large_lead_r5": 5.498974145094664,
      "brake_scale_r5": 0.15162244318777873,
      "bank5_bias_plus": 0.34712131811519287,
      "bank5_bias_times": 0.6661529475328969,
      "w_scale_overtake": 0.1030876047089471
    },
    "ops_policy": {
      "x_prob_s_le2": 0.37027481986501076,
      "x_prob_s_3_4": 0.5520954280467212,
      "x_prob_s_ge5": 0.5154020894493337,
      "w_xprob_trail": 0.09632611738296001,
      "w_xprob_lead": 0.048921060449277964,
      "w_xprob_is_last": 0.12556096523216936,
      "w_xprob_round": -0.08674179629507298,
      "x_repeat_s_le3": 0.1879536026378668,
      "x_repeat_s_4_5": 0.0,
      "x_repeat_s_ge6": 0.0,
      "w_xrep_trail": 0.20597306420236092,
      "w_xrep_lead": 0.12336700715615218,
      "w_xrep_round": -0.03424979367445452,
      "w_xprob_overtake": 0.05103674811926742,
      "w_xrep_overtake": -0.18146565435612327
    },
    "overtake_proxy": {
      "w_trail": 0.3310055397976153,
      "w_rounds_left": 0.5297971810297382,
      "w_is_last": 0.0987841690550113
    },
    "fitness_penalty": {
      "seat_variance_weight": 0.044445751609954315
    }
  }
}