{
  "meta": {
    "generation": 19,
    "timestamp": "20250812_234159",
    "eval_seed": 61,
    "fitness": {
      "median": 0.0,
      "win_rate": 0.036,
      "max_score": 0,
      "min_score": 0,
      "bust_rate": 0.4448,
      "mean": 22.124,
      "sd": 57.26793713763401
    }
  },
  "genome": {
  "forbidden": {
    "w_stats": 1.2985297813758725,
    "w_match": 1.1590717479967179,
    "w_random": -0.7235641997874027,
    "w_anti": -1.7290811276652605,
    "prefer_info_if_tied": 0.20664880272834435,
    "gate_last_seat_boost_stats": 0.009009925030524724,
    "gate_trailing_boost_stats": 0.8575109835959982,
    "trail_threshold": 7.367554162240761
  },
  "draw_policy": {
    "min_target_plus": 5,
    "min_target_times": 4,
    "min_target_last_seat": 0,
    "min_target_r5_bump": 0,
    "plus_scale_base": 0.7058314952415367,
    "times_scale_base": 1.1221252922040554,
    "w_scale_lead": 0.10441937666299195,
    "w_scale_trail": 0.19386632770955436,
    "w_scale_is_last": -0.14124993409382353,
    "w_scale_round_weight": -0.026339342142889337,
    "w_scale_suit_skew": 0.0161774014401423,
    "jitter": 0.016092869749672112,
    "push_times_to3_if_p_bust_below": 0.3422509153114148,
    "push_times_to4_if_p_bust_below": 0.2966836358277085,
    "push_plus_to4_if_p_bust_below": 0.08744497923927735,
    "brake_if_large_lead_r5": 4.3530464652934455,
    "brake_scale_r5": 0.27019593841206907,
    "bank5_bias_plus": 0.004017217782135125,
    "bank5_bias_times": 0.3865387366394607,
    "w_scale_overtake": -0.026863279944843388
  },
  "ops_policy": {
    "x_prob_s_le2": 0.35941101673385006,
    "x_prob_s_3_4": 0.6117285232078722,
    "x_prob_s_ge5": 0.95,
    "w_xprob_trail": -0.06727207671471302,
    "w_xprob_lead": -0.013665865955653982,
    "w_xprob_is_last": 0.2706115769010201,
    "w_xprob_round": 0.3,
    "x_repeat_s_le3": 0.011998536038360093,
    "x_repeat_s_4_5": 0.021247071635910077,
    "x_repeat_s_ge6": 0.06517811273481965,
    "w_xrep_trail": 0.17736178993758178,
    "w_xrep_lead": -0.09644122949800332,
    "w_xrep_round": -0.2645001035620793,
    "w_xprob_overtake": -0.13602798035997785,
    "w_xrep_overtake": 0.14634306650438145
  },
  "overtake_proxy": {
    "w_trail": 0.3027894696959502,
    "w_rounds_left": 0.8426116921341026,
    "w_is_last": 0.29553786182725145
  },
  "fitness_penalty": {
    "seat_variance_weight": 0.09634036649393826
  }
}
}