{
  "meta": {
    "generation": 21,
    "timestamp": "20250812_234244",
    "eval_seed": 63,
    "fitness": {
      "median": 0.0,
      "win_rate": 0.034,
      "max_score": 0,
      "min_score": 0,
      "bust_rate": 0.5048,
      "mean": 21.436,
      "sd": 81.84564682376211
    }
  },
  "genome": {
    "forbidden": {
      "w_stats": -0.1483135517057092,
      "w_match": -0.11224284753495226,
      "w_random": -1.1347945330726135,
      "w_anti": -0.9843629206329051,
      "prefer_info_if_tied": 0.5326162978786174,
      "gate_last_seat_boost_stats": 0.5467536044324488,
      "gate_trailing_boost_stats": 0.4939307873621425,
      "trail_threshold": 3.300352392143882
    },
    "draw_policy": {
      "min_target_plus": 3,
      "min_target_times": 3,
      "min_target_last_seat": -1,
      "min_target_r5_bump": 2,
      "plus_scale_base": 1.0594469208447348,
      "times_scale_base": 0.9703114313962025,
      "w_scale_lead": -0.036699148300234755,
      "w_scale_trail": -0.17153437287698747,
      "w_scale_is_last": 0.05188130997998741,
      "w_scale_round_weight": -0.0016613796785693836,
      "w_scale_suit_skew": 0.006541358099276062,
      "jitter": 0.027375313530658682,
      "push_times_to3_if_p_bust_below": 0.3887027941310047,
      "push_times_to4_if_p_bust_below": 0.18767095696216932,
      "push_plus_to4_if_p_bust_below": 0.1534474143633991,
      "brake_if_large_lead_r5": 5.262010392421859,
      "brake_scale_r5": 0.27600049910288527,
      "bank5_bias_plus": 0.43834424988526843,
      "bank5_bias_times": 0.352460255474918,
      "w_scale_overtake": -0.026349457435364907
    },
    "ops_policy": {
      "x_prob_s_le2": 0.5056396622434017,
      "x_prob_s_3_4": 0.8234740723170143,
      "x_prob_s_ge5": 0.7008149195335349,
      "w_xprob_trail": -0.010330795755845425,
      "w_xprob_lead": 0.04849761884764493,
      "w_xprob_is_last": -0.07824403879905467,
      "w_xprob_round": -0.19776385537745006,
      "x_repeat_s_le3": 0.049837457225924975,
      "x_repeat_s_4_5": 0.8950246125380823,
      "x_repeat_s_ge6": 0.9257403472928799,
      "w_xrep_trail": 0.08544524639566232,
      "w_xrep_lead": 0.013454248380657605,
      "w_xrep_round": -0.08346271984159455,
      "w_xprob_overtake": 0.061542283651660576,
      "w_xrep_overtake": 0.15484038965475624
    },
    "overtake_proxy": {
      "w_trail": 0.6724260464614371,
      "w_rounds_left": 0.4410427995764633,
      "w_is_last": 0.18228237218165969
    },
    "fitness_penalty": {
      "seat_variance_weight": 0.06622491205041503
    }
  }
}