{
  "meta": {
    "generation": 12,
    "timestamp": "20250812_233848",
    "eval_seed": 54,
    "fitness": {
      "median": 0.0,
      "win_rate": 0.034,
      "max_score": 0,
      "min_score": 0,
      "bust_rate": 0.4912,
      "mean": 20.75,
      "sd": 57.03293346830408
    }
  },
  "genome": {
    "forbidden": {
      "w_stats": -0.14952392411915513,
      "w_match": 0.27579503454262055,
      "w_random": -1.2922515388216897,
      "w_anti": -0.6827211823950459,
      "prefer_info_if_tied": 0.41835513068910224,
      "gate_last_seat_boost_stats": 0.6481884508159996,
      "gate_trailing_boost_stats": 0.6124939178211052,
      "trail_threshold": 3.6303718066937662
    },
    "draw_policy": {
      "min_target_plus": 3,
      "min_target_times": 2,
      "min_target_last_seat": 0,
      "min_target_r5_bump": 0,
      "plus_scale_base": 1.040423281371753,
      "times_scale_base": 0.8480235017313462,
      "w_scale_lead": -0.16528117765417424,
      "w_scale_trail": -0.010525371832475663,
      "w_scale_is_last": -0.037027996383114,
      "w_scale_round_weight": -0.015632464156629326,
      "w_scale_suit_skew": 0.05039613957282017,
      "jitter": 0.026697256069796445,
      "push_times_to3_if_p_bust_below": 0.40045928679535714,
      "push_times_to4_if_p_bust_below": 0.08098448630182586,
      "push_plus_to4_if_p_bust_below": 0.1577611254604238,
      "brake_if_large_lead_r5": 11.096830467760805,
      "brake_scale_r5": 0.14392603225381598,
      "bank5_bias_plus": 0.3497486051333756,
      "bank5_bias_times": 0.21855270277798683,
      "w_scale_overtake": 0.03622863236869571
    },
    "ops_policy": {
      "x_prob_s_le2": 0.46274667707135725,
      "x_prob_s_3_4": 0.7488171360094872,
      "x_prob_s_ge5": 0.713883044680164,
      "w_xprob_trail": 0.1040736309503486,
      "w_xprob_lead": -0.07252401118971319,
      "w_xprob_is_last": 0.07023984281343662,
      "w_xprob_round": 0.05697223702525673,
      "x_repeat_s_le3": 0.08762366724988588,
      "x_repeat_s_4_5": 0.8128937645080062,
      "x_repeat_s_ge6": 0.5003472780173704,
      "w_xrep_trail": 0.026278776194835127,
      "w_xrep_lead": -0.13922115972699395,
      "w_xrep_round": 0.16906575687810038,
      "w_xprob_overtake": 0.16814906644824443,
      "w_xrep_overtake": 0.13956673826741436
    },
    "overtake_proxy": {
      "w_trail": 0.6924132584634888,
      "w_rounds_left": 0.47512417259910594,
      "w_is_last": 0.11151113773508868
    },
    "fitness_penalty": {
      "seat_variance_weight": 0.04154532638805271
    }
  }
}