{
  "meta": {
    "generation": 17,
    "timestamp": "20250812_234115",
    "eval_seed": 59,
    "fitness": {
      "median": 0.0,
      "win_rate": 0.034,
      "max_score": 0,
      "min_score": 0,
      "bust_rate": 0.5036,
      "mean": 29.356,
      "sd": 89.51847442846645
    }
  },
  "genome": {
    "forbidden": {
      "w_stats": 0.6760457350721061,
      "w_match": -0.2554252096562598,
      "w_random": -0.5424309901134514,
      "w_anti": 0.6369243810902345,
      "prefer_info_if_tied": 0.4514298501508537,
      "gate_last_seat_boost_stats": 0.23678413377967295,
      "gate_trailing_boost_stats": 0.5037947313543898,
      "trail_threshold": 3.531314202254444
    },
    "draw_policy": {
      "min_target_plus": 4,
      "min_target_times": 3,
      "min_target_last_seat": 0,
      "min_target_r5_bump": -1,
      "plus_scale_base": 0.9760899028163776,
      "times_scale_base": 0.9822511133846488,
      "w_scale_lead": -0.0203712132561329,
      "w_scale_trail": -0.032596437323897984,
      "w_scale_is_last": 0.008445071430535488,
      "w_scale_round_weight": 0.015577222270557295,
      "w_scale_suit_skew": -0.01981000122434313,
      "jitter": 0.027779258861583788,
      "push_times_to3_if_p_bust_below": 0.27436582617116023,
      "push_times_to4_if_p_bust_below": 0.07317783304959312,
      "push_plus_to4_if_p_bust_below": 0.19476083124023827,
      "brake_if_large_lead_r5": 8.033145161930662,
      "brake_scale_r5": 0.21055938533694651,
      "bank5_bias_plus": 0.30078578143414353,
      "bank5_bias_times": 0.3580621106890997,
      "w_scale_overtake": -0.011291766034537179
    },
    "ops_policy": {
      "x_prob_s_le2": 0.47157939171604757,
      "x_prob_s_3_4": 0.813040705796766,
      "x_prob_s_ge5": 0.6960776479871167,
      "w_xprob_trail": 0.14220100700928356,
      "w_xprob_lead": -0.001648606795944055,
      "w_xprob_is_last": -0.08358735022615484,
      "w_xprob_round": 0.019866520968879413,
      "x_repeat_s_le3": 0.20616780186880246,
      "x_repeat_s_4_5": 0.8958802263198472,
      "x_repeat_s_ge6": 0.5820385727235472,
      "w_xrep_trail": -0.007944375050604283,
      "w_xrep_lead": -0.10119216963962496,
      "w_xrep_round": -0.06588593651506225,
      "w_xprob_overtake": 0.06412108578860994,
      "w_xrep_overtake": 0.06296122986274164
    },
    "overtake_proxy": {
      "w_trail": 0.31948406747407093,
      "w_rounds_left": 0.6059509968650407,
      "w_is_last": 0.14650322192094528
    },
    "fitness_penalty": {
      "seat_variance_weight": 0.06678286327875532
    }
  }
}