{
  "uid": "c99809540f32b488",
  "generation": 4,
  "win_rate": 0.072,
  "median": 5.0,
  "q1": 0.0,
  "q3": 12.0,
  "diagnostics": {
    "median": 5.0,
    "q1": 0.0,
    "q3": 12.0,
    "mean": 17.442,
    "sd": 48.53644647066779,
    "iqr": 12.0,
    "bust_rate": 0.5528,
    "n_games": 500
  },
  "genome": {
    "forbidden": {
      "w_stats": 1.2946131878098426,
      "w_match": 0.14413806956388214,
      "w_random": -0.4243198592503759,
      "w_anti": -0.2615179054323428,
      "prefer_info_if_tied": 0.3544356835786589,
      "gate_last_seat_boost_stats": 0.651105509283378,
      "gate_trailing_boost_stats": 0.5200941443555153,
      "trail_threshold": 3.124799283095407
    },
    "draw_policy": {
      "min_target_plus": 3,
      "min_target_times": 2,
      "min_target_last_seat": 0,
      "min_target_r5_bump": 0,
      "plus_scale_base": 1.1623197096963938,
      "times_scale_base": 0.8961261115303245,
      "w_scale_lead": 0.04257400375351311,
      "w_scale_trail": -0.01759130803324293,
      "w_scale_is_last": -0.036697293140806414,
      "w_scale_round_weight": 0.011621264606108858,
      "w_scale_suit_skew": -0.12059603002844085,
      "jitter": 0.0244189318630905,
      "push_times_to3_if_p_bust_below": 0.3136582510525051,
      "push_times_to4_if_p_bust_below": 0.2072152474569287,
      "push_plus_to4_if_p_bust_below": 0.21839101781709586,
      "brake_if_large_lead_r5": 8.164541673377514,
      "brake_scale_r5": 0.1769617848900214,
      "bank5_bias_plus": 0.2758566936462542,
      "bank5_bias_times": 0.23784505557816493,
      "w_scale_overtake": 0.004525749369170842
    },
    "ops_policy": {
      "x_prob_s_le2": 0.30046645545877804,
      "x_prob_s_3_4": 0.6955148658613312,
      "x_prob_s_ge5": 0.6339781821524246,
      "w_xprob_trail": 0.12104621227651582,
      "w_xprob_lead": -0.12044002742775581,
      "w_xprob_is_last": 0.055098503069103376,
      "w_xprob_round": -0.08080072899569735,
      "x_repeat_s_le3": 0.3996612399003959,
      "x_repeat_s_4_5": 0.7114526751507342,
      "x_repeat_s_ge6": 0.17405921395499857,
      "w_xrep_trail": 0.2387578638628538,
      "w_xrep_lead": -0.12161465540716464,
      "w_xrep_round": 0.04360821061918594,
      "w_xprob_overtake": 0.11056626409697756,
      "w_xrep_overtake": 0.12926032020632977
    },
    "overtake_proxy": {
      "w_trail": 0.5622125819503516,
      "w_rounds_left": 0.5433582336915364,
      "w_is_last": 0.2995698647181887
    },
    "fitness_penalty": {
      "seat_variance_weight": 0.08961337939990338
    }
  }
}