{
  "uid": "3559da6eeb5bab64",
  "generation": 6,
  "win_rate": 0.10266666666666667,
  "median": 5.0,
  "q1": 0.0,
  "q3": 10.0,
  "diagnostics": {
    "mean": 11.904,
    "sd": 54.959695389742954,
    "iqr": 10.0,
    "bust_rate": 0.6595333333333333,
    "n_games": 3000,
    "rank_avg": 6.205666666666667,
    "rank_pct_avg": 0.5205666666666666,
    "rank_hist": [
      344,
      228,
      184,
      198,
      299,
      292,
      245,
      303,
      558,
      349
    ],
    "bin_score": 2.654,
    "bin_score_norm": 0.2551333333333333,
    "custom_fitness": 0.14840666666666666
  },
  "genome": {
    "forbidden": {
      "w_stats": 0.09082633976793669,
      "w_match": 2.3977935817644753,
      "w_random": -0.02328578821882758,
      "w_anti": 1.0847554581867216,
      "prefer_info_if_tied": 0.5,
      "gate_last_seat_boost_stats": 0.08015610961383368,
      "gate_trailing_boost_stats": 0.5,
      "trail_threshold": 3.0
    },
    "draw_policy": {
      "min_target_plus": 3,
      "min_target_times": 5,
      "min_target_last_seat": 0,
      "min_target_r5_bump": 0,
      "plus_scale_base": 1.2162930479057048,
      "times_scale_base": 0.8271141302875669,
      "w_scale_lead": 0.1873736379700834,
      "w_scale_trail": 0.0247645262121673,
      "w_scale_is_last": 0.13159015917352188,
      "w_scale_round_weight": -0.031222179880335127,
      "w_scale_suit_skew": 0.10844768920785086,
      "jitter": 0.026059660226186263,
      "push_times_to3_if_p_bust_below": 0.27592369804309647,
      "push_times_to4_if_p_bust_below": 0.15909401745775836,
      "push_plus_to4_if_p_bust_below": 0.12480723383849279,
      "brake_if_large_lead_r5": 6.0,
      "brake_scale_r5": 0.14490534096158375,
      "bank5_bias_plus": 0.5975790696651195,
      "bank5_bias_times": 0.27660523634596484,
      "w_scale_overtake": 0.13827407253523644
    },
    "ops_policy": {
      "x_prob_s_le2": 0.3,
      "x_prob_s_3_4": 0.45,
      "x_prob_s_ge5": 0.62,
      "w_xprob_trail": 0.17099457084665515,
      "w_xprob_lead": -0.20978212302357663,
      "w_xprob_is_last": 0.05,
      "w_xprob_round": -0.06892708881435206,
      "x_repeat_s_le3": 0.0,
      "x_repeat_s_4_5": 0.19161085271828032,
      "x_repeat_s_ge6": 0.26920392864834725,
      "w_xrep_trail": 0.05395430561359144,
      "w_xrep_lead": -0.10714563378549208,
      "w_xrep_round": -0.019999999999999997,
      "w_xprob_overtake": 0.03253634602501149,
      "w_xrep_overtake": 0.09815652966549851
    },
    "overtake_proxy": {
      "w_trail": 0.8617821704764053,
      "w_rounds_left": 0.0,
      "w_is_last": 0.0
    },
    "fitness_penalty": {
      "seat_variance_weight": 0.04499853911994355
    }
  }
}